month,retail_format,channel,sales_thousand_ars,share_pct,is_observed
2017-01-01,supermarkets,showroom,27591730.12689,99.04108840011484,True
2017-02-01,supermarkets,showroom,25749179.39807,99.0574021611544,True
2017-03-01,supermarkets,showroom,27472228.718250018,98.89208879863476,True
2017-04-01,supermarkets,showroom,28827479.48661001,98.94696963532351,True
2017-05-01,supermarkets,showroom,27569311.41494,98.57094213177511,True
2017-06-01,supermarkets,showroom,28763865.4186,98.73390669371025,True
2017-07-01,supermarkets,showroom,30815311.77359001,98.82308022792449,True
2017-08-01,supermarkets,showroom,30763355.89174,98.7432946615748,True
2017-09-01,supermarkets,showroom,30135595.69727,98.735611225963,True
2017-10-01,supermarkets,showroom,31980223.91264,98.56450919952083,True
2017-11-01,supermarkets,showroom,33122387.951610014,98.49357707113676,True
2017-12-01,supermarkets,showroom,40320285.2796,98.9058693507871,True
2018-01-01,supermarkets,showroom,32103107.855989996,98.84202795365115,True
2018-02-01,supermarkets,showroom,31357444.8335,98.80460719056275,True
2018-03-01,supermarkets,showroom,36055413.05464001,98.6973406722786,True
2018-04-01,supermarkets,showroom,33622270.978180006,98.55930599524194,True
2018-05-01,supermarkets,showroom,34407391.593590006,97.93427326545928,True
2018-06-01,supermarkets,showroom,37744796.10936996,98.45216132879764,True
2018-07-01,supermarkets,showroom,38696650.90644997,98.51878305599283,True
2018-08-01,supermarkets,showroom,38852702.48435998,98.38142841417643,True
2018-09-01,supermarkets,showroom,39313002.17497999,98.46577733318686,True
2018-10-01,supermarkets,showroom,42646486.70567999,98.21795809862493,True
2018-11-01,supermarkets,showroom,44076960.79194998,98.27760366541436,True
2018-12-01,supermarkets,showroom,56452356.42238999,98.68610582977533,True
2019-01-01,supermarkets,showroom,44740575.24163,98.474591252456,True
2019-02-01,supermarkets,showroom,43914187.05556002,98.4796473877379,True
2019-03-01,supermarkets,showroom,50347782.683160014,98.59414117056751,True
2019-04-01,supermarkets,showroom,48939565.17114004,98.62590741790585,True
2019-05-01,supermarkets,showroom,49813853.04009,98.10067120022565,True
2019-06-01,supermarkets,showroom,53591716.25316001,98.48988839981637,True
2019-07-01,supermarkets,showroom,54121341.62436,98.32291885561838,True
2019-08-01,supermarkets,showroom,58647926.47731001,98.28365701578223,True
2019-09-01,supermarkets,showroom,56887830.18007998,98.27680582740834,True
2019-10-01,supermarkets,showroom,65144928.115430005,98.21991532455074,True
2019-11-01,supermarkets,showroom,66454203.74208,97.80773460671925,True
2019-12-01,supermarkets,showroom,82246180.67768,98.46935760736893,True
2020-01-01,supermarkets,showroom,69104127.61199,98.5160987835158,True
2020-02-01,supermarkets,showroom,71514175.14700998,98.64781547324874,True
2020-03-01,supermarkets,showroom,84174875.51342997,98.13104176554252,True
2020-04-01,supermarkets,showroom,71798954.70953001,95.7196917822513,True
2020-05-01,supermarkets,showroom,74966605.02587001,95.3840080573707,True
2020-06-01,supermarkets,showroom,74554853.95878996,95.29864348332914,True
2020-07-01,supermarkets,showroom,76413721.76438998,94.17434816658647,True
2020-08-01,supermarkets,showroom,76406528.27118002,95.01884501444184,True
2020-09-01,supermarkets,showroom,73111415.16161998,94.88116338028706,True
2020-10-01,supermarkets,showroom,84622602.74864998,94.84257171844409,True
2020-11-01,supermarkets,showroom,86255330.60578996,94.68877986016473,True
2020-12-01,supermarkets,showroom,111830218.56443,96.56675375002989,True
2021-01-01,supermarkets,showroom,94524545.26598,96.44615460227725,True
2021-02-01,supermarkets,showroom,89908053.01556998,96.72292423387628,True
2021-03-01,supermarkets,showroom,103243215.2959,96.28572036236307,True
2021-04-01,supermarkets,showroom,102742178.64234994,96.13736309194788,True
2021-05-01,supermarkets,showroom,104997658.23470998,94.93056207771994,True
2021-06-01,supermarkets,showroom,111477594.54618998,95.86345724590309,True
2021-07-01,supermarkets,showroom,120904098.31748004,96.21637037900487,True
2021-08-01,supermarkets,showroom,120181530.94271998,96.2682016346296,True
2021-09-01,supermarkets,showroom,118585472.17123003,96.40918749756051,True
2021-10-01,supermarkets,showroom,136000643.3463,96.80623235046791,True
2021-11-01,supermarkets,showroom,135950778.84937298,95.94135339938303,True
2021-12-01,supermarkets,showroom,178866721.2456501,97.2190765393511,True
2022-01-01,supermarkets,showroom,149697614.62836808,96.88094085698744,True
2022-02-01,supermarkets,showroom,148406529.31365797,97.50592648211658,True
2022-03-01,supermarkets,showroom,164321074.85165015,97.24147330979305,True
2022-04-01,supermarkets,showroom,173047715.34078,97.66097418058932,True
2022-05-01,supermarkets,showroom,175360239.53115994,97.6167380232641,True
2022-06-01,supermarkets,showroom,189510268.1663519,96.63244899543014,True
2022-07-01,supermarkets,showroom,220952507.14078715,96.81755072211972,True
2022-08-01,supermarkets,showroom,218261209.60020196,96.78641288635775,True
2022-09-01,supermarkets,showroom,223841299.55893996,96.4196663250287,True
2022-10-01,supermarkets,showroom,256894810.875496,96.6985281195333,True
2022-11-01,supermarkets,showroom,272973768.15517306,95.85209027370287,True
2022-12-01,supermarkets,showroom,349050818.8344698,97.04816527041862,True
2023-01-01,supermarkets,showroom,307263826.4882069,97.05773940787233,True
2023-02-01,supermarkets,showroom,309570090.0011699,97.22159681903561,True
2023-03-01,supermarkets,showroom,351601023.6392711,96.82022077553593,True
2023-04-01,supermarkets,showroom,374859125.1204798,97.16056444110102,True
2023-05-01,supermarkets,showroom,374434432.96447,96.28108821199685,True
2023-06-01,supermarkets,showroom,413276979.4247101,97.05763465576621,True
2023-07-01,supermarkets,showroom,467388086.1971698,96.83400207261198,True
2023-08-01,supermarkets,showroom,518751701.64604,96.5282455772654,True
2023-09-01,supermarkets,showroom,563540336.5967802,97.14319273059402,True
2023-10-01,supermarkets,showroom,682264293.6607599,96.31272814744042,True
2023-11-01,supermarkets,showroom,735686087.4721098,96.25558709434999,True
2023-12-01,supermarkets,showroom,1116024751.75575,97.29455684358027,True
2024-01-01,supermarkets,showroom,1070336895.2835702,97.14985382705966,True
2024-02-01,supermarkets,showroom,1159627571.8536096,97.20166815364017,True
2024-03-01,supermarkets,showroom,1384251341.0202303,97.28155696065099,True
2024-04-01,supermarkets,showroom,1294639323.3574092,96.96814561537883,True
2024-05-01,supermarkets,showroom,1361031140.9580293,96.33028979513385,True
2024-06-01,supermarkets,showroom,1488530909.849041,97.10432127476457,True
2024-07-01,supermarkets,showroom,1537405542.9489808,96.79094804943989,True
2024-08-01,supermarkets,showroom,1613894730.890319,96.72912138031106,True
2024-09-01,supermarkets,showroom,1534438240.838519,96.8023134609577,True
2024-10-01,supermarkets,showroom,1643182164.0618002,96.75054323295183,True
2024-11-01,supermarkets,showroom,1756117842.3051193,96.26668574713896,True
2024-12-01,supermarkets,showroom,2167790946.522249,97.28832983955228,True
2025-01-01,supermarkets,showroom,1815675574.5381503,97.09307163495889,True
2025-02-01,supermarkets,showroom,1740067462.0109096,97.08214383470481,True
2025-03-01,supermarkets,showroom,1984442779.3166904,97.01959760426175,True
2025-04-01,supermarkets,showroom,1921361392.85092,97.26548636620846,True
2025-05-01,supermarkets,showroom,1917328198.5491695,96.47301729448161,True
2025-06-01,supermarkets,showroom,1949403829.2751296,97.00928618209639,True
2025-07-01,supermarkets,showroom,1993847051.4574203,96.83413456467116,True
2025-08-01,supermarkets,showroom,2037395777.3903208,96.70016708286798,True
2025-09-01,supermarkets,showroom,1894031054.1400995,96.51787457291469,True
2025-10-01,supermarkets,showroom,2096199311.4287696,96.55602633203911,True
2025-11-01,supermarkets,showroom,2132007343.3925505,96.41323356924495,True
2025-12-01,supermarkets,showroom,2713064578.3367305,97.02995330623317,True
2026-01-01,supermarkets,showroom,2276136044.052029,97.30265124948238,True
2026-02-01,supermarkets,showroom,2153749555.39168,97.28573782401384,True
2026-03-01,supermarkets,showroom,2386706916.4487314,96.87763408643887,True
2026-04-01,supermarkets,showroom,2325398336.6299005,96.90806816021836,True
2026-05-01,supermarkets,showroom,2417028375.6268086,96.57337137710272,True
2017-01-01,supermarkets,online,267141.956,0.9589115998851575,True
2017-02-01,supermarkets,online,245020.769,0.9425978388455954,True
2017-03-01,supermarkets,online,307777.804,1.1079112013652321,True
2017-04-01,supermarkets,online,306792.733,1.0530303646764878,True
2017-05-01,supermarkets,online,399693.262,1.4290578682248953,True
2017-06-01,supermarkets,online,368847.326,1.2660933062897446,True
2017-07-01,supermarkets,online,366990.683,1.1769197720755253,True
2017-08-01,supermarkets,online,391525.052,1.2567053384252131,True
2017-09-01,supermarkets,online,385910.498,1.2643887740369957,True
2017-10-01,supermarkets,online,465759.10129,1.4354908004791722,True
2017-11-01,supermarkets,online,506594.70549,1.5064229288632487,True
2017-12-01,supermarkets,online,446036.8247,1.094130649212901,True
2018-01-01,supermarkets,online,376100.1495799999,1.1579720463488548,True
2018-02-01,supermarkets,online,379379.71864,1.1953928094372586,True
2018-03-01,supermarkets,online,475878.27403,1.3026593277214031,True
2018-04-01,supermarkets,online,491474.68862,1.4406940047580594,True
2018-05-01,supermarkets,online,725754.7976899999,2.065726734540722,True
2018-06-01,supermarkets,online,593413.63629,1.5478386712023684,True
2018-07-01,supermarkets,online,581799.0561899999,1.4812169440071667,True
2018-08-01,supermarkets,online,639204.78984,1.6185715858235892,True
2018-09-01,supermarkets,online,612546.82257,1.5342226668131442,True
2018-10-01,supermarkets,online,773767.1168,1.7820419013750608,True
2018-11-01,supermarkets,online,772485.21409,1.722396334585644,True
2018-12-01,supermarkets,online,751599.44123,1.3138941702246765,True
2019-01-01,supermarkets,online,693048.47043,1.525408747544026,True
2019-02-01,supermarkets,online,677957.8397799999,1.5203526122620936,True
2019-03-01,supermarkets,online,717911.5714899999,1.4058588294324956,True
2019-04-01,supermarkets,online,681844.1039799999,1.3740925820941436,True
2019-05-01,supermarkets,online,964446.87431,1.899328799774363,True
2019-06-01,supermarkets,online,821703.3616599999,1.5101116001836454,True
2019-07-01,supermarkets,online,923140.63296,1.6770811443816198,True
2019-08-01,supermarkets,online,1024177.97836,1.7163429842177842,True
2019-09-01,supermarkets,online,997476.22679,1.7231941725916418,True
2019-10-01,supermarkets,online,1180651.47825,1.780084675449261,True
2019-11-01,supermarkets,online,1489506.4453500002,2.1922653932807576,True
2019-12-01,supermarkets,online,1278463.61382,1.5306423926310628,True
2020-01-01,supermarkets,online,1040882.66074,1.4839012164841892,True
2020-02-01,supermarkets,online,980258.51473,1.3521845267512533,True
2020-03-01,supermarkets,online,1603155.57539,1.8689582344574824,True
2020-04-01,supermarkets,online,3210641.9290200006,4.280308217748689,True
2020-05-01,supermarkets,online,3627916.794580001,4.615991942629302,True
2020-06-01,supermarkets,online,3678005.64307,4.70135651667085,True
2020-07-01,supermarkets,online,4726974.45707,5.825651833413547,True
2020-08-01,supermarkets,online,4005445.0164,4.981154985558176,True
2020-09-01,supermarkets,online,3944359.19539,5.1188366197129405,True
2020-10-01,supermarkets,online,4601678.305080001,5.15742828155591,True
2020-11-01,supermarkets,online,4838176.70645,5.3112201398352665,True
2020-12-01,supermarkets,online,3975909.55075,3.4332462499701113,True
2021-01-01,supermarkets,online,3483037.9868500005,3.5538453977227586,True
2021-02-01,supermarkets,online,3046180.66555,3.277075766123725,True
2021-03-01,supermarkets,online,3982669.19388,3.7142796376369365,True
2021-04-01,supermarkets,online,4128007.24374,3.862636908052102,True
2021-05-01,supermarkets,online,5607036.33009,5.069437922280058,True
2021-06-01,supermarkets,online,4810298.409969999,4.1365427540969035,True
2021-07-01,supermarkets,online,4754454.214929999,3.7836296209951352,True
2021-08-01,supermarkets,online,4658789.019680001,3.731798365370384,True
2021-09-01,supermarkets,online,4416780.258529999,3.5908125024394852,True
2021-10-01,supermarkets,online,4486843.91995,3.1937676495320844,True
2021-11-01,supermarkets,online,5751181.80928,4.058646600616958,True
2021-12-01,supermarkets,online,5116430.63427,2.780923460648902,True
2022-01-01,supermarkets,online,4819479.553599999,3.119059143012557,True
2022-02-01,supermarkets,online,3796044.07646,2.494073517883414,True
2022-03-01,supermarkets,online,4661427.42714,2.7585266902069536,True
2022-04-01,supermarkets,online,4144573.383260001,2.3390258194106726,True
2022-05-01,supermarkets,online,4281329.20203,2.3832619767358985,True
2022-06-01,supermarkets,online,6604256.65058,3.367551004569861,True
2022-07-01,supermarkets,online,7262837.590410001,3.1824492778802913,True
2022-08-01,supermarkets,online,7246899.535399999,3.2135871136422467,True
2022-09-01,supermarkets,online,8311857.66562,3.5803336749713055,True
2022-10-01,supermarkets,online,8770878.014759999,3.3014718804667194,True
2022-11-01,supermarkets,online,11812684.98915,4.147909726297132,True
2022-12-01,supermarkets,online,10616793.4917,2.9518347295813796,True
2023-01-01,supermarkets,online,9314561.14245,2.942260592127671,True
2023-02-01,supermarkets,online,8846908.001230001,2.778403180964391,True
2023-03-01,supermarkets,online,11547315.44003,3.1797792244640832,True
2023-04-01,supermarkets,online,10954941.807589997,2.839435558898999,True
2023-05-01,supermarkets,online,14462742.917069998,3.7189117880031666,True
2023-06-01,supermarkets,online,12528760.526069997,2.9423653442337874,True
2023-07-01,supermarkets,online,15281302.853480002,3.1659979273880223,True
2023-08-01,supermarkets,online,18657528.72354,3.471754422734625,True
2023-09-01,supermarkets,online,16572711.735530002,2.856807269405969,True
2023-10-01,supermarkets,online,26120056.76104,3.687271852559573,True
2023-11-01,supermarkets,online,28618728.15484,3.7444129056500066,True
2023-12-01,supermarkets,online,31032995.3184,2.7054431564197365,True
2024-01-01,supermarkets,online,31401144.578970008,2.8501461729403306,True
2024-02-01,supermarkets,online,33384434.91634,2.7983318463598303,True
2024-03-01,supermarkets,online,38681622.09028,2.718443039348989,True
2024-04-01,supermarkets,online,40478838.531090006,3.031854384621168,True
2024-05-01,supermarkets,online,51848591.73305,3.6697102048661416,True
2024-06-01,supermarkets,online,44388418.87694,2.8956787252354297,True
2024-07-01,supermarkets,online,50971855.90001998,3.209051950560122,True
2024-08-01,supermarkets,online,54573573.02919,3.270878619688945,True
2024-09-01,supermarkets,online,50687347.56737,3.197686539042289,True
2024-10-01,supermarkets,online,55187797.65037,3.2494567670481986,True
2024-11-01,supermarkets,online,68103931.48469,3.7333142528610725,True
2024-12-01,supermarkets,online,60421779.60570999,2.7116701604476945,True
2025-01-01,supermarkets,online,54360612.35328,2.9069283650411006,True
2025-02-01,supermarkets,online,52298665.55793,2.917856165295188,True
2025-03-01,supermarkets,online,60961271.32794002,2.980402395738262,True
2025-04-01,supermarkets,online,54016991.23171,2.734513633791513,True
2025-05-01,supermarkets,online,70096111.70803998,3.526982705518393,True
2025-06-01,supermarkets,online,60098462.71771999,2.990713817903614,True
2025-07-01,supermarkets,online,65186222.7294,3.1658654353288274,True
2025-08-01,supermarkets,online,69524860.75538,3.2998329171320275,True
2025-09-01,supermarkets,online,68331940.81919,3.4821254270852977,True
2025-10-01,supermarkets,online,74767526.22910002,3.443973667960878,True
2025-11-01,supermarkets,online,79314966.27909999,3.5867664307550498,True
2025-12-01,supermarkets,online,83045783.35138997,2.9700466937668373,True
2026-01-01,supermarkets,online,63097280.86124001,2.697348750517627,True
2026-02-01,supermarkets,online,60089393.21940001,2.7142621759861503,True
2026-03-01,supermarkets,online,76923558.17578001,3.1223659135611297,True
2026-04-01,supermarkets,online,74193751.80726998,3.0919318397816355,True
2026-05-01,supermarkets,online,85761307.65836997,3.426628622897274,True
2017-01-01,wholesale,showroom,4077769.58023,99.59103598735122,True
2017-02-01,wholesale,showroom,3827588.30196,99.62777011657383,True
2017-03-01,wholesale,showroom,4637999.779599999,99.53615092364647,True
2017-04-01,wholesale,showroom,4506373.95583,99.63557758503897,True
2017-05-01,wholesale,showroom,4649722.22996,99.56891120806823,True
2017-06-01,wholesale,showroom,4781204.28682,99.60207877776664,True
2017-07-01,wholesale,showroom,5121315.89308,99.58873636502872,True
2017-08-01,wholesale,showroom,5059114.54179,99.57209562801363,True
2017-09-01,wholesale,showroom,5067475.45245,99.55846618020514,True
2017-10-01,wholesale,showroom,4894808.535329999,99.50526666346246,True
2017-11-01,wholesale,showroom,5279919.098550001,99.5085385502673,True
2017-12-01,wholesale,showroom,6147758.006649999,99.5500984032927,True
2018-01-01,wholesale,showroom,4995862.82816,99.52092587106449,True
2018-02-01,wholesale,showroom,4873942.15804,99.41672130652842,True
2018-03-01,wholesale,showroom,5847542.4901,99.65874736525225,True
2018-04-01,wholesale,showroom,5511048.36698,99.37837218243742,True
2018-05-01,wholesale,showroom,5865349.676460001,99.62424429044471,True
2018-06-01,wholesale,showroom,6170673.700449999,99.56806123363432,True
2018-07-01,wholesale,showroom,6641294.786479999,99.61189377864203,True
2018-08-01,wholesale,showroom,6554944.45331,99.5004171420602,True
2018-09-01,wholesale,showroom,6198759.69101,99.51863938294633,True
2018-10-01,wholesale,showroom,6796312.41061,99.56672898485148,True
2018-11-01,wholesale,showroom,7008829.5501500005,99.54497993144128,True
2018-12-01,wholesale,showroom,8486740.75543,99.53439404161585,True
2019-01-01,wholesale,showroom,6831219.635229999,99.19536914611173,True
2019-02-01,wholesale,showroom,7003900.661329999,99.44250221623085,True
2019-03-01,wholesale,showroom,8171337.070580001,99.82795915781749,True
2019-04-01,wholesale,showroom,8077563.235779998,99.57534170469886,True
2019-05-01,wholesale,showroom,8542835.679779999,99.46622861211681,True
2019-06-01,wholesale,showroom,8787868.274470001,99.18026991726336,True
2019-07-01,wholesale,showroom,9059386.23694,99.04415902650364,True
2019-08-01,wholesale,showroom,9653831.711170005,98.9139707263101,True
2019-09-01,wholesale,showroom,9576278.3166,98.75670020894323,True
2019-10-01,wholesale,showroom,10962407.6927,99.61441003833357,True
2019-11-01,wholesale,showroom,11299836.15374,99.27280878900275,True
2019-12-01,wholesale,showroom,14157883.05868,99.72751855127582,True
2020-01-01,wholesale,showroom,11430426.02299,99.81299782796215,True
2020-02-01,wholesale,showroom,12108802.06222,99.90431525016034,True
2020-03-01,wholesale,showroom,15154915.85851,99.91455258242154,True
2020-04-01,wholesale,showroom,12165796.489519998,99.85313766698692,True
2020-05-01,wholesale,showroom,12978287.58964,99.90598742370238,True
2020-06-01,wholesale,showroom,13275223.48562,99.3162016345081,True
2020-07-01,wholesale,showroom,13736295.90551,99.79704213048812,True
2020-08-01,wholesale,showroom,13992692.68154,99.67506437651343,True
2020-09-01,wholesale,showroom,13244676.93481,99.33947752452806,True
2020-10-01,wholesale,showroom,14987937.50991,99.8970509613673,True
2020-11-01,wholesale,showroom,15088499.144989995,99.5128407746968,True
2020-12-01,wholesale,showroom,19691358.93458,99.44825468230518,True
2021-01-01,wholesale,showroom,15569175.70169,99.64276871760167,True
2021-02-01,wholesale,showroom,15841514.667910002,99.42755760969395,True
2021-03-01,wholesale,showroom,18245778.31584,99.64134777300028,True
2021-04-01,wholesale,showroom,18628191.41072,99.18361113250823,True
2021-05-01,wholesale,showroom,19112114.9836,99.29117861938623,True
2021-06-01,wholesale,showroom,20421919.161890004,99.18659316866786,True
2021-07-01,wholesale,showroom,21197813.28463,99.45193021202738,True
2021-08-01,wholesale,showroom,20606993.65907,99.32214264463455,True
2021-09-01,wholesale,showroom,21046674.73481,99.27370889899785,True
2021-10-01,wholesale,showroom,22957991.79065,99.42209785597042,True
2021-11-01,wholesale,showroom,23767349.19023,99.8703320028345,True
2021-12-01,wholesale,showroom,30060835.93605,99.76082649470627,True
2022-01-01,wholesale,showroom,23240719.18627,99.61274622459962,True
2022-02-01,wholesale,showroom,24050048.64564,99.35610963244423,True
2022-03-01,wholesale,showroom,29093552.08848,99.02604284203629,True
2022-04-01,wholesale,showroom,29944190.92283,99.72772963065839,True
2022-05-01,wholesale,showroom,31350331.45036,99.53176407797211,True
2022-06-01,wholesale,showroom,33774614.84483,99.3377316393533,True
2022-07-01,wholesale,showroom,39555187.18822,99.57072456274962,True
2022-08-01,wholesale,showroom,37049477.66654,99.97126322896356,True
2022-09-01,wholesale,showroom,,,False
2022-10-01,wholesale,showroom,,,False
2022-11-01,wholesale,showroom,,,False
2022-12-01,wholesale,showroom,,,False
2023-01-01,wholesale,showroom,,,False
2023-02-01,wholesale,showroom,,,False
2023-03-01,wholesale,showroom,,,False
2023-04-01,wholesale,showroom,,,False
2023-05-01,wholesale,showroom,,,False
2023-06-01,wholesale,showroom,,,False
2023-07-01,wholesale,showroom,,,False
2023-08-01,wholesale,showroom,,,False
2023-09-01,wholesale,showroom,,,False
2023-10-01,wholesale,showroom,,,False
2023-11-01,wholesale,showroom,,,False
2023-12-01,wholesale,showroom,,,False
2024-01-01,wholesale,showroom,,,False
2024-02-01,wholesale,showroom,,,False
2024-03-01,wholesale,showroom,,,False
2024-04-01,wholesale,showroom,,,False
2024-05-01,wholesale,showroom,,,False
2024-06-01,wholesale,showroom,,,False
2024-07-01,wholesale,showroom,,,False
2024-08-01,wholesale,showroom,,,False
2024-09-01,wholesale,showroom,,,False
2024-10-01,wholesale,showroom,,,False
2024-11-01,wholesale,showroom,,,False
2024-12-01,wholesale,showroom,,,False
2025-01-01,wholesale,showroom,,,False
2025-02-01,wholesale,showroom,,,False
2025-03-01,wholesale,showroom,,,False
2025-04-01,wholesale,showroom,,,False
2025-05-01,wholesale,showroom,,,False
2025-06-01,wholesale,showroom,,,False
2025-07-01,wholesale,showroom,,,False
2025-08-01,wholesale,showroom,,,False
2025-09-01,wholesale,showroom,,,False
2025-10-01,wholesale,showroom,,,False
2025-11-01,wholesale,showroom,,,False
2025-12-01,wholesale,showroom,,,False
2026-01-01,wholesale,showroom,,,False
2026-02-01,wholesale,showroom,,,False
2026-03-01,wholesale,showroom,,,False
2026-04-01,wholesale,showroom,,,False
2026-05-01,wholesale,showroom,,,False
2017-01-01,wholesale,online,16745.0915,0.4089640126487792,True
2017-02-01,wholesale,online,14300.6588,0.3722298834261741,True
2017-03-01,wholesale,online,21613.5735,0.46384907635352796,True
2017-04-01,wholesale,online,16482.302,0.3644224149610265,True
2017-05-01,wholesale,online,20131.2148,0.43108879193176936,True
2017-06-01,wholesale,online,19101.4352,0.39792122223336207,True
2017-07-01,wholesale,online,21149.08841,0.41126363497126184,True
2017-08-01,wholesale,online,21741.20387,0.42790437198637354,True
2017-09-01,wholesale,online,22473.84757,0.4415338197948592,True
2017-10-01,wholesale,online,24336.65111,0.4947333365375318,True
2017-11-01,wholesale,online,26076.92498,0.4914614497327008,True
2017-12-01,wholesale,online,27783.86147,0.4499015967073049,True
2018-01-01,wholesale,online,24049.09934,0.4790741289355021,True
2018-02-01,wholesale,online,28595.45735,0.5832786934715892,True
2018-03-01,wholesale,online,20023.22259011,0.3412526347477398,True
2018-04-01,wholesale,online,34472.500340000006,0.6216278175626023,True
2018-05-01,wholesale,online,22122.5129,0.37575570955528936,True
2018-06-01,wholesale,online,26769.15823,0.43193876636567474,True
2018-07-01,wholesale,online,25875.70346,0.3881062213579732,True
2018-08-01,wholesale,online,32911.80055,0.49958285793980556,True
2018-09-01,wholesale,online,29982.71287,0.4813606170536641,True
2018-10-01,wholesale,online,29574.5899,0.43327101514851213,True
2018-11-01,wholesale,online,32037.35743,0.45502006855873783,True
2018-12-01,wholesale,online,39699.6144,0.4656059583841496,True
2019-01-01,wholesale,online,55411.96263,0.8046308538882654,True
2019-02-01,wholesale,online,39265.49523000001,0.5574977837691385,True
2019-03-01,wholesale,online,14082.26436,0.17204084218250038,True
2019-04-01,wholesale,online,34448.330030000005,0.4246582953011394,True
2019-05-01,wholesale,online,45843.91427,0.5337713878831782,True
2019-06-01,wholesale,online,72632.18777,0.8197300827366363,True
2019-07-01,wholesale,online,87429.00787999999,0.9558409734963494,True
2019-08-01,wholesale,online,105994.57048,1.0860292736899049,True
2019-09-01,wholesale,online,120560.78023,1.243299791056785,True
2019-10-01,wholesale,online,42433.56318,0.3855899616664376,True
2019-11-01,wholesale,online,82773.33579000001,0.7271912109972404,True
2019-12-01,wholesale,online,38683.00889,0.27248144872417934,True
2020-01-01,wholesale,online,21415.191810000004,0.1870021720378351,True
2020-02-01,wholesale,online,11597.37388,0.09568474983966126,True
2020-03-01,wholesale,online,12960.5587,0.08544741757847196,True
2020-04-01,wholesale,online,17893.251,0.14686233301305582,True
2020-05-01,wholesale,online,12212.704,0.0940125762976134,True
2020-06-01,wholesale,online,91400.7581,0.6837983654918895,True
2020-07-01,wholesale,online,27935.591,0.20295786951188105,True
2020-08-01,wholesale,online,45615.464100000005,0.3249356234865609,True
2020-09-01,wholesale,online,88065.76211,0.6605224754719379,True
2020-10-01,wholesale,online,15445.83892,0.10294903863270616,True
2020-11-01,wholesale,online,73864.855,0.48715922530318306,True
2020-12-01,wholesale,online,109248.92675,0.5517453176948164,True
2021-01-01,wholesale,online,55817.3631,0.35723128239833357,True
2021-02-01,wholesale,online,91205.645,0.5724423903060527,True
2021-03-01,wholesale,online,65674.43308,0.35865222699970345,True
2021-04-01,wholesale,online,153330.252,0.8163888674917633,True
2021-05-01,wholesale,online,136437.858,0.7088213806137691,True
2021-06-01,wholesale,online,167475.54306,0.8134068313321339,True
2021-07-01,wholesale,online,116819.0603,0.5480697879726137,True
2021-08-01,wholesale,online,140639.35645999998,0.6778573553654469,True
2021-09-01,wholesale,online,153978.45749,0.7262911010021351,True
2021-10-01,wholesale,online,133445.91358,0.5779021440295801,True
2021-11-01,wholesale,online,30858.65948,0.12966799716549257,True
2021-12-01,wholesale,online,72069.9272,0.2391735052937469,True
2022-01-01,wholesale,online,90350.448,0.38725377540037054,True
2022-02-01,wholesale,online,155859.511,0.6438903675557641,True
2022-03-01,wholesale,online,286145.6693,0.9739571579637035,True
2022-04-01,wholesale,online,81751.745,0.27227036934160725,True
2022-05-01,wholesale,online,147484.087,0.46823592202788494,True
2022-06-01,wholesale,online,225169.8165,0.6622683606467048,True
2022-07-01,wholesale,online,170532.758,0.42927543725038675,True
2022-08-01,wholesale,online,10649.884,0.028736771036409505,True
2022-09-01,wholesale,online,,,False
2022-10-01,wholesale,online,,,False
2022-11-01,wholesale,online,,,False
2022-12-01,wholesale,online,,,False
2023-01-01,wholesale,online,,,False
2023-02-01,wholesale,online,,,False
2023-03-01,wholesale,online,,,False
2023-04-01,wholesale,online,,,False
2023-05-01,wholesale,online,,,False
2023-06-01,wholesale,online,,,False
2023-07-01,wholesale,online,,,False
2023-08-01,wholesale,online,,,False
2023-09-01,wholesale,online,,,False
2023-10-01,wholesale,online,,,False
2023-11-01,wholesale,online,,,False
2023-12-01,wholesale,online,,,False
2024-01-01,wholesale,online,,,False
2024-02-01,wholesale,online,,,False
2024-03-01,wholesale,online,,,False
2024-04-01,wholesale,online,,,False
2024-05-01,wholesale,online,,,False
2024-06-01,wholesale,online,,,False
2024-07-01,wholesale,online,,,False
2024-08-01,wholesale,online,,,False
2024-09-01,wholesale,online,,,False
2024-10-01,wholesale,online,,,False
2024-11-01,wholesale,online,,,False
2024-12-01,wholesale,online,,,False
2025-01-01,wholesale,online,,,False
2025-02-01,wholesale,online,,,False
2025-03-01,wholesale,online,,,False
2025-04-01,wholesale,online,,,False
2025-05-01,wholesale,online,,,False
2025-06-01,wholesale,online,,,False
2025-07-01,wholesale,online,,,False
2025-08-01,wholesale,online,,,False
2025-09-01,wholesale,online,,,False
2025-10-01,wholesale,online,,,False
2025-11-01,wholesale,online,,,False
2025-12-01,wholesale,online,,,False
2026-01-01,wholesale,online,,,False
2026-02-01,wholesale,online,,,False
2026-03-01,wholesale,online,,,False
2026-04-01,wholesale,online,,,False
2026-05-01,wholesale,online,,,False
