month,retail_format,nominal_sales_million_ars,constant_sales_million_ars,real_sales_index_original,real_sales_index_sa,real_sales_index_trend,nominal_sales_yoy_pct,real_sales_yoy_pct,real_sales_sa_mom_pct,is_partial_year
2017-01-01,supermarkets,27858.872082890004,27477.307666370554,99.92587030961089,103.723969866344,99.2629295015206,,,,False
2017-02-01,supermarkets,25994.200168069103,25223.428860347456,91.7292593461615,99.1985539537993,99.1119916693351,,,-4.362941293488898,False
2017-03-01,supermarkets,27780.00652224732,26334.26363967878,95.76899764376483,96.3441750514427,99.0099297102591,,,-2.8774400317226334,False
2017-04-01,supermarkets,29134.272220610008,27045.88446262117,98.3569269607987,98.7184417323522,98.9640021528897,,,2.464359344653433,False
2017-05-01,supermarkets,27969.00467693989,25631.863991881684,93.21460268762463,98.4293456805701,99.0286552854552,,,-0.29284908342244176,False
2017-06-01,supermarkets,29132.712745602,26365.38706384802,95.88218323257465,98.2959690291562,99.2937850778313,,,-0.13550496601566486,False
2017-07-01,supermarkets,31182.302455592708,27819.35294462765,101.1697757362319,99.6100324174648,99.8032702319253,,,1.3368436175839715,False
2017-08-01,supermarkets,31154.880941736905,27394.07395180577,99.62317684822904,100.598909747607,100.487788525086,,,0.9927487283588388,False
2017-09-01,supermarkets,30521.50619627021,26404.252526903005,96.02352405344077,102.167371612122,101.191839946268,,,1.5591241181938553,False
2017-10-01,supermarkets,32445.98301393,27766.66317796161,100.9781605003273,102.634542661804,101.783192194412,,,0.4572605150846121,False
2017-11-01,supermarkets,33628.98265709631,28425.301720641164,103.3734108063556,103.255295521266,102.172244736288,,,0.604818653995931,False
2017-12-01,supermarkets,40766.3221043007,34084.519433704845,123.95411187488028,98.1845435276072,102.328550546836,,,-4.910888074127351,False
2018-01-01,supermarkets,32479.208005573997,26736.746546069706,97.23269471314975,100.728489441073,102.26854014838,16.584791763775854,-2.6951735202471405,2.5909841020450353,False
2018-02-01,supermarkets,31736.824552140013,25650.68873210639,93.28306203499396,100.853550658749,102.023227927229,22.091944922102535,1.6939008337228945,0.12415674887009676,False
2018-03-01,supermarkets,36531.291328669984,28846.727300021103,104.9059961055264,101.110816377928,101.611157740449,31.50209773858148,9.540664188372073,0.25508841037187313,False
2018-04-01,supermarkets,34113.74566680001,26429.52752809941,96.11544086429768,101.63999578103,101.012006308575,17.09146330646094,-2.278930590617567,0.5233657704078354,False
2018-05-01,supermarkets,35133.14639127501,26430.503243249208,96.11898921724044,100.916842311498,100.184772989128,25.61457512373284,3.1158063713995654,-0.7114851432008407,False
2018-06-01,supermarkets,38338.20974565649,27465.909808897977,99.88442007578732,100.102536476756,99.0954560969017,31.598488889244237,4.1741194331221365,-0.8069077629564547,False
2018-07-01,supermarkets,39278.44996264218,27033.43803708506,98.31166343210656,99.1713139323108,97.7552241853735,25.963918214760916,-2.8250653748377985,-0.9302686797166615,False
2018-08-01,supermarkets,39491.90727419412,26267.256514020613,95.52531491365032,96.4000606844713,96.226400601118,26.759936422316557,-4.113362035042911,-2.794410135304859,False
2018-09-01,supermarkets,39925.54899754219,24310.777978264978,88.41025026462246,93.9549482073279,94.6143889256362,30.811201586182445,-7.928550700327586,-2.5364221347811577,False
2018-10-01,supermarkets,43420.253822487975,25010.476704449236,90.95482286312564,92.5043699225321,93.0424126254868,33.823203334127385,-9.926243048534412,-1.5439083438105294,False
2018-11-01,supermarkets,44849.44600603298,24891.71263312131,90.52291725821516,90.5179020443116,91.6110505936951,33.365455813362075,-12.431140123849293,-2.1474313914943477,False
2018-12-01,supermarkets,57203.95586361999,31136.131957050453,113.23180282655846,90.270933615045,90.3780246445448,40.32160104427271,-8.650224575966437,-0.27283932093974395,False
2019-01-01,supermarkets,45433.623712056,23888.726073338843,86.8753872268151,89.1259202427148,89.366692399618,39.88525737529931,-10.65208314640479,-1.2684186664259411,False
2019-02-01,supermarkets,44592.14489534219,22542.04994183623,81.97797201789069,88.5056292722951,88.5605635058259,40.506006900855326,-12.119124062267927,-0.6959714623203661,False
2019-03-01,supermarkets,51065.69425464903,24647.680742226563,89.63545406942528,87.8716626183561,87.9357113719888,39.7861734347517,-14.556405356220314,-0.7163009394448139,False
2019-04-01,supermarkets,49621.40927512204,23073.755385152883,83.91160866879156,87.2819079410984,87.4774230628067,45.458695036864015,-12.697056878443004,-0.6711545675642028,False
2019-05-01,supermarkets,50778.299914400006,22852.143404939907,83.10567927197076,87.2284994167437,87.1786047474643,44.53103445073261,-13.53875030443572,-0.061190830510649,False
2019-06-01,supermarkets,54413.41961482001,23803.413179689967,86.5651324795158,86.6558352408469,87.0214539707751,41.92999614695039,-13.3346998322316,-0.6565104062616456,False
2019-07-01,supermarkets,55044.48225731951,23580.072634934764,85.75291686577862,86.7250941610166,86.9723137949578,40.13914069845534,-12.774421800929991,0.07992412741415489,False
2019-08-01,supermarkets,59672.10445566601,24329.91041230039,88.47982859250462,87.9499323660468,86.980503320628,51.09957602543695,-7.375517502888562,1.4123227156791707,False
2019-09-01,supermarkets,57885.30640686599,22144.650616311803,80.53276224895534,88.2585882767012,87.0067702410027,44.98311948178697,-8.91015237722873,0.35094502332280175,False
2019-10-01,supermarkets,66325.57959367818,24652.71442386198,89.65375990289294,90.7466298222586,87.0235752679073,52.752629832226376,-1.4304496664136357,2.8190361914209205,False
2019-11-01,supermarkets,67943.71018742798,24270.7041203352,88.26451491169347,86.2077509951874,87.0159424268161,51.49286387682122,-2.494840439222301,-5.001705116720368,False
2019-12-01,supermarkets,83524.644291502,29147.85103469526,106.00108342716464,86.2085196106751,87.0013089137207,46.01200743989313,-6.385767265817888,0.0008915851287483179,False
2020-01-01,supermarkets,70145.01027272303,23483.345683378702,85.40115296903903,86.7986815173901,86.9998712932251,54.39008501122431,-1.696952732915169,0.6845749229660969,False
2020-02-01,supermarkets,72494.433661744,23702.013147622165,86.19637413620114,87.9171532586533,87.0298682431546,62.57220600598716,5.145775157001742,1.2885814873111023,False
2020-03-01,supermarkets,85778.03108882,26996.659534813563,98.1779121966221,99.3190189237341,87.0760688109636,67.97584433312733,9.53022240572401,12.968874949279098,False
2020-04-01,supermarkets,75009.59663855402,23142.654714237968,84.16217271626562,86.8419788154368,87.110195013661,51.16377735801328,0.2986047478401588,-12.562588961816335,False
2020-05-01,supermarkets,78594.52182045301,24012.676328922764,87.32615326673104,89.9116503958082,87.1006630396332,54.779742435143476,5.07844232997412,3.5347784818391625,False
2020-06-01,supermarkets,78232.85960185598,23449.543028817643,85.27822390638114,88.6000225927361,87.0390372984873,43.774936689603884,-1.4866361735646594,-1.4587962708926594,False
2020-07-01,supermarkets,81140.69622145995,23791.36751520022,86.52132638605822,86.930637551061,86.9450422868337,47.40931859826931,0.896073916042206,-1.884181282152364,False
2020-08-01,supermarkets,80411.97328758003,22953.005491091488,83.47248128410075,83.5325890927741,86.8600912574976,34.75638913878578,-5.659309458504136,-3.9089192878528745,False
2020-09-01,supermarkets,77055.77435700996,21628.031776779157,78.65399058087726,85.6414162416069,86.830158683834,33.11802103179347,-2.332928382948196,2.524556190268057,False
2020-10-01,supermarkets,89224.28105372799,24095.3382187538,87.6267671908861,86.9257168868702,86.8886513262186,34.524691077456325,-2.260912106979507,1.4996256503279959,False
2020-11-01,supermarkets,91093.50731224002,24010.693725993668,87.31894319631316,87.547503781888,87.0625781432645,34.07202382818297,-1.071293165012388,0.7153083313963471,False
2020-12-01,supermarkets,115806.12811517665,29931.10446415699,108.8495168167191,87.5185386997873,87.3357622137696,38.64905274066403,2.6871738452670435,-0.03308498911958058,False
2021-01-01,supermarkets,98007.58325283098,24420.020915074365,88.80753065571464,87.5719529172416,87.6643859589587,39.72138983482729,3.9886788037985177,0.06103188906927404,False
2021-02-01,supermarkets,92954.23368112402,22322.62103430943,81.17998173361919,87.2033686773391,88.0140345022599,28.222580667151085,-5.819725542811605,-0.42089302296458575,False
2021-03-01,supermarkets,107225.88448978103,24627.553412049245,89.5622576336828,89.2959673813666,88.3631219813264,25.003900332886598,-8.77555284093292,2.399676452603927,False
2021-04-01,supermarkets,106870.18588609398,23407.47506933876,85.12523666636046,89.6151381593519,88.6981319766845,42.4753507222088,1.1442954940595662,0.3574302259610196,False
2021-05-01,supermarkets,110604.69456479796,23368.393763666063,84.98311089735874,88.7118265154934,89.0203000436798,40.72824925059191,-2.6830935312307402,-1.007990014200777,False
2021-06-01,supermarkets,116287.89295616008,23677.99416274856,86.10902504084615,88.6129803090875,89.3490678809784,48.643285632117305,0.9742242467163376,-0.11142393330006994,False
2021-07-01,supermarkets,125658.55253241002,24779.46708113056,90.11471734986728,89.0447260531661,89.6895788898698,54.86501642707875,4.153185247964575,0.4872262986445497,False
2021-08-01,supermarkets,124840.319962399,23990.069055768367,87.24393809948432,89.4292959129375,90.0519901794484,55.25090960761327,4.518203792873154,0.4318839271197028,False
2021-09-01,supermarkets,123002.25242975802,22962.046342330883,83.5053598666535,90.7873049160746,90.4280431897727,59.62755997995912,6.167988744052022,1.5185281168479392,False
2021-10-01,supermarkets,140487.48726625007,25386.745245625458,92.32318696574036,91.4042677045742,90.7872017927152,57.454322530940914,5.3595721095399895,0.6795694497924831,False
2021-11-01,supermarkets,141701.96065865096,25026.615284791493,91.01351353638384,91.6200111973587,91.0872509110525,55.55659765403589,4.231121226197665,0.23603218777683566,False
2021-12-01,supermarkets,183983.15187992307,31596.63098218947,114.90648531082756,91.9158390217818,91.2903219054584,58.871689153565335,5.564534112087238,0.3228856016900705,False
2022-01-01,supermarkets,154517.09418196804,25464.131520078303,92.604615223509,91.5607139009553,91.3760840583076,57.65830464705879,4.275633541163004,-0.38635900472206997,False
2022-02-01,supermarkets,152202.57339011703,23803.20202289494,86.5643645721658,92.8763988615909,91.3409507374196,63.73925894784114,6.632648497279425,1.4369535847643444,False
2022-03-01,supermarkets,168982.50227879308,24612.901369363757,89.50897300569312,89.7392063034567,91.2071039285364,57.594878403542246,-0.059494511859692345,-3.3778145972362728,False
2022-04-01,supermarkets,177192.28872404504,24147.43609700489,87.81622992459842,89.3072631378191,91.013290529224,65.80142277744594,3.161216771455244,-0.48133160903715,False
2022-05-01,supermarkets,179641.5687331929,23234.77377354882,84.49717923457183,90.6098144343327,90.8066010909374,62.417670823139936,-0.5717979227352732,1.4585054459719693,False
2022-06-01,supermarkets,196114.524816932,24144.358858783595,87.805039028054,90.6024704357279,90.6474223605339,68.64569460456742,1.9696123448190717,-0.008105080725151481,False
2022-07-01,supermarkets,228215.34473119717,26090.25557801412,94.88162111399495,93.4887817488029,90.6080079817373,81.61544927261164,5.289817140101927,3.1856872105076928,False
2022-08-01,supermarkets,225508.10913560196,23930.70583602192,87.02805372429115,89.3056086178591,90.7358939954158,80.63724059945008,-0.24744914076092472,-4.474518816796291,False
2022-09-01,supermarkets,232153.1572245599,23136.67558390528,84.14042859892183,91.4060568467807,91.0447704777939,88.73894797750461,0.7605125386950462,2.3519779568486943,False
2022-10-01,supermarkets,265665.6888902528,24989.575744483296,90.878812991989,90.9537932711919,91.5165846474786,89.10274079197289,-1.564475860530412,-0.49478512824036036,False
2022-11-01,supermarkets,284786.453144324,25637.81721913514,93.2362526040457,92.8401623660512,92.0712757322144,100.97566174850078,2.442207735198898,2.0739861714561103,False
2022-12-01,supermarkets,359667.612326173,30974.17760841442,112.64282848327925,88.2364152447146,92.5912611382556,95.48942859773959,-1.9699991879701284,-4.958788313170858,False
2023-01-01,supermarkets,316578.3876306558,25668.396255302632,93.34745843393875,94.1317528466178,92.9741410010598,104.88243666932746,0.8021665104237297,6.6812977222080905,False
2023-02-01,supermarkets,318416.9980023959,24038.38136361809,87.41963396704043,93.7362349651639,93.1524803531045,109.2060540830985,0.9880155640276334,-0.42017477577238616,False
2023-03-01,supermarkets,363148.33907930506,25555.024368715436,92.93516241959038,92.8905733568635,93.1294234242843,114.90292437507557,3.827760836535732,-0.9021715120248741,False
2023-04-01,supermarkets,385814.0669280695,24972.50982923188,90.81674990870464,92.3434966606245,92.9737677231685,117.73750410150576,3.416817126723104,-0.588947485701552,False
2023-05-01,supermarkets,388897.17588154,23290.79746793924,84.70091886175422,90.8834436833782,92.7521086975882,116.4850700336165,0.24112003386147496,-1.5811107766605326,False
2023-06-01,supermarkets,425805.7399507801,23922.6367963404,86.99870929860984,90.0116029855265,92.4774719530125,117.1209604940068,-0.91831828602289,-0.9592954035600232,False
2023-07-01,supermarkets,482669.38905065,25448.16747573469,92.5465592798894,91.8541635340478,92.0881373219513,111.49734239788339,-2.461026494583296,2.047025591597995,False
2023-08-01,supermarkets,537409.23036958,25164.69551067577,91.51566559988171,93.3665585997813,91.4717051545433,138.31037936042753,5.156511818370113,1.6465177053981872,False
2023-09-01,supermarkets,580113.0483323103,24005.18686689924,87.29891657309501,92.4757548192151,90.5084874226922,149.88376435095026,3.753829195747227,-0.9540929792482333,False
2023-10-01,supermarkets,708384.3504217999,26779.197295332848,97.38707403287498,99.9780514571771,89.1518711246195,166.64502796009742,7.1614723240934985,8.112717384820023,False
2023-11-01,supermarkets,764304.8156269495,25210.959841150558,91.68391365180575,91.568802573168,87.46925765547,168.37822065911797,-1.664952107022577,-8.411094996796354,False
2023-12-01,supermarkets,1147057.7470741502,28928.3521157072,105.20283853438916,82.072868609301,85.6503777492652,218.92161200044725,-6.604938857687226,-10.370272076321285,False
2024-01-01,supermarkets,1101738.03986254,22108.256834826778,80.40041011559113,81.0278560780715,83.9457881955939,248.0142937451279,-13.869738432686042,-1.2732740416375288,False
2024-02-01,supermarkets,1193012.0067699489,21301.04127202511,77.4648343808862,80.6068821380778,82.5769343530934,274.6696986198495,-11.387372761029235,-0.5195422418533324,False
2024-03-01,supermarkets,1422932.9631105105,23171.993346845,84.26886760910402,80.355303490669,81.6704281701835,291.8324304382313,-9.325097826115748,-0.3121056673273226,False
2024-04-01,supermarkets,1335118.1618884995,20588.467376342225,74.87343905385532,80.6765509123979,81.2198268884795,246.05222472031238,-17.555473930609335,0.3997837202695642,False
2024-05-01,supermarkets,1412879.7326910794,21018.59796067804,76.43768157384365,81.1993530354452,81.1273996545612,263.3041894656107,-9.755782344460195,0.648022401967796,False
2024-06-01,supermarkets,1532919.3287259813,22165.78026685792,80.60960379201317,81.2585759433097,81.2499124950305,260.00438343155616,-7.343908384510655,0.07293519671103255,False
2024-07-01,supermarkets,1588377.3988490012,22315.666868658016,81.15469173565315,82.4689494616719,81.4650773160456,229.08185911129348,-12.309336654843882,1.489533263795595,False
2024-08-01,supermarkets,1668468.3039195088,22625.955413183267,82.28310843627247,82.2367155122057,81.7205975613075,210.46513711200902,-10.088499169065956,-0.2816016827935086,False
2024-09-01,supermarkets,1585125.5884058897,20934.54082186317,76.13199359109811,82.674732898547,82.0270108484249,173.24425695349484,-12.791594008668927,0.5326299617064434,False
2024-10-01,supermarkets,1698369.9617121704,22010.07437087158,80.04335300217268,81.6079185024487,82.417963129874,139.75260897574796,-17.809058545949917,-1.2903753767277815,False
2024-11-01,supermarkets,1824221.7737898105,23282.69425171925,84.67145014731827,83.1502840202207,82.9185154126514,138.67725761919013,-7.648521125657004,1.8899704171791987,False
2024-12-01,supermarkets,2228212.72612796,27986.8636297545,101.77895663563804,82.1028866853301,83.5092420405766,94.25462508854139,-3.254552772957653,-1.2596437248920012,False
2025-01-01,supermarkets,1870036.186891431,23032.474621009715,83.76148419756835,83.815552817249,84.0945217495773,69.73510210510192,4.18041907640152,2.0859998972787785,False
2025-02-01,supermarkets,1792366.127568839,21578.82766840556,78.47505153008892,84.263985931411,84.5510987656852,50.238733340297784,1.3040977332186454,0.5350237504723854,False
2025-03-01,supermarkets,2045404.0506446308,23866.846907148592,86.79581994352245,85.3217787089664,84.7719340566687,43.74563691134175,2.9986784041529324,1.2553319972501864,False
2025-04-01,supermarkets,1975378.3840826296,22420.826988976278,81.53712427497817,84.7728597424589,84.6915958112465,47.95532264264115,8.899932079157956,-0.6433515273748247,False
2025-05-01,supermarkets,1987424.31025721,22290.8495941882,81.06443952534855,84.4150967996982,84.3290798445562,40.66479009305404,6.052980488471715,-0.42202533198429926,False
2025-06-01,supermarkets,2009502.2919928504,22333.23126368058,81.21856762481966,84.2248111826055,83.7834045123607,31.089891968611294,0.7554482396138651,-0.22541657156919248,False
2025-07-01,supermarkets,2059033.274186821,22538.33856601795,81.96447497286754,82.6216933685711,83.190845998562,29.631237241154086,0.9978267674925156,-1.9033795285794408,False
2025-08-01,supermarkets,2106920.638145701,22701.49152426365,82.55780826244025,82.1418390157203,82.6629745296222,26.27873320674987,0.33384716667641534,-0.5807849407179377,False
2025-09-01,supermarkets,1962362.99495929,20762.02280873389,75.50460269766181,82.3213135716658,82.2739259590901,23.798581595845402,-0.8240831007342186,0.21849347189701884,False
2025-10-01,supermarkets,2170966.8376578703,22611.072096922508,82.22898274286365,83.7579610339482,82.0391882441893,27.826497559416485,2.730557452574045,1.7451707218346435,False
2025-11-01,supermarkets,2211322.30967165,22630.11697255106,82.29824264981046,80.8109628618342,81.9365502679848,21.22003702859223,-2.8028426268579376,-3.5184693320310823,False
2025-12-01,supermarkets,2796110.3616881184,28133.90562079309,102.31369967178247,82.6752075949513,81.9270757166022,25.486688452184424,0.5253964609391426,2.3069205799520986,False
2026-01-01,supermarkets,2339233.32491327,22759.48130906786,82.76869790948963,81.4385268284293,81.9791850914332,25.09027051512769,-1.1852539357314118,-1.4958302524994416,True
2026-02-01,supermarkets,2213838.94861108,20913.077756425057,76.05393952847098,81.7501952240975,82.0918088224122,23.51488429509243,-3.085199632764357,0.38270387224070834,True
2026-03-01,supermarkets,2463630.474624511,22652.74141797431,82.38052026691331,81.7639405703212,82.2594011554314,20.447129937386777,-5.086995755650614,0.016813839020235477,True
2026-04-01,supermarkets,2399592.0884371707,21591.03834559441,78.51945772009783,82.456822940243,82.47290407458,21.47506056423447,-3.700972510023126,0.8474180244846252,True
2026-05-01,supermarkets,2502789.683285178,22140.23403795204,80.51670061577974,83.222169255279,82.7172438590081,25.931320773734036,-0.6756833363382841,0.9281782728770116,True
2017-01-01,wholesale,4094.5146717288,4030.013224233547,92.68437860419982,98.9210204795037,98.3698343116563,,,,False
2017-02-01,wholesale,3841.888960764,3713.271195681586,85.39977767097199,93.4306807092058,98.4562983736086,,,-5.550225567512701,False
2017-03-01,wholesale,4659.613353099,4406.127213656864,101.33444733956398,98.2105343021158,98.5806393860479,,,5.115935746831224,False
2017-04-01,wholesale,4522.856257833002,4194.682270751378,96.47152455202831,97.477746389692,98.743371793517,,,-0.7461398287169407,False
2017-05-01,wholesale,4669.853444764,4273.719454118147,98.28926355668588,100.244622029601,98.9498607086899,,,2.8384690274308566,False
2017-06-01,wholesale,4800.305722021,4331.267373892729,99.61278109558572,99.5585333154421,99.2317379992631,,,-0.6844144855534529,False
2017-07-01,wholesale,5142.464981493001,4563.950624382367,104.96415372968896,103.696383458962,99.6231419353009,,,4.15619837468828,False
2017-08-01,wholesale,5080.855745658,4449.684481707583,102.3362004600504,101.937015493901,100.1220210565,,,-1.6966531583594513,False
2017-09-01,wholesale,5089.949300019999,4398.986517045603,101.1702218168694,110.699996107905,100.67880065458,,,8.596465740679138,False
2017-10-01,wholesale,4919.1451864400005,4201.123553916334,96.61966459384443,98.2834163878529,101.240304667901,,,-11.216422905696422,False
2017-11-01,wholesale,5305.996023533102,4472.685859801989,102.86519833601288,102.205417951912,101.711577340752,,,3.9905018651181345,False
2017-12-01,wholesale,6175.5418681227,5141.736888128993,118.2523882444983,96.6645877170007,102.009279520823,,,-5.421268603899532,False
2018-01-01,wholesale,5019.9119275047,4129.853677324143,94.9805622242979,101.919106176506,102.093171313174,22.60090218177617,2.4774224682497126,5.4358256561220175,False
2018-02-01,wholesale,4902.537615389499,3960.043700585858,91.07518244039534,99.5927202186813,101.941491090066,27.60747813009612,6.645690333398213,-2.282580808544199,False
2018-03-01,wholesale,5867.5657126900005,4626.948037177109,106.41300159535902,102.540254071505,101.551592296288,25.92387539596219,5.011676077708493,2.9595876549527445,False
2018-04-01,wholesale,5545.5208673159,4272.039996220851,98.25063849444868,100.473030508791,100.898494041485,22.611034956323795,1.8441855777461713,-2.0160117423470125,False
2018-05-01,wholesale,5887.472189364002,4375.986575547154,100.6412569805016,101.211298131754,99.9288267548395,26.074024784765726,2.392930151988848,0.7347918334148495,False
2018-06-01,wholesale,6197.442858681575,4373.019834746316,100.57302630424678,100.809903211356,98.6077211903656,29.10516991139387,0.9639779133760351,-0.39659102077268527,False
2018-07-01,wholesale,6667.170489939,4526.763443661986,104.10890325150568,103.631165247049,96.9332021185075,29.649312419884176,-0.814802432824624,2.7985961158776274,False
2018-08-01,wholesale,6587.856253858876,4331.598474874302,99.62039593132567,99.9328525475263,94.9643428324162,29.66036793090867,-2.6538062938783025,-3.568726348590412,False
2018-09-01,wholesale,6228.742403882891,3731.3015804116462,85.81445000868327,92.8814826558782,92.8425702009319,22.373368313480402,-15.178153741702749,-7.056107888338914,False
2018-10-01,wholesale,6825.887000505431,3848.5203924548496,88.51031033232105,90.3639223486595,90.7799390531688,38.76164946953609,-8.39306811466619,-2.710508311485671,False
2018-11-01,wholesale,7040.86690758322,3818.310127617173,87.8155186608915,87.4594200063256,88.9942828932479,32.69642261991219,-14.630487199335441,-3.2142278321288353,False
2018-12-01,wholesale,8526.440369829912,4511.833529717119,103.76553718305878,84.7863439746388,87.6533167308909,38.06789026631374,-12.25078941449077,-3.05636148912658,False
2019-01-01,wholesale,6886.63159786028,3502.533245511989,80.5531146768309,85.0993692160407,86.8133300268085,37.18630321236511,-15.189894868590459,0.3691929935032201,False
2019-02-01,wholesale,7043.166156555856,3467.046258270941,79.73696614878303,87.1380052155771,86.4403091680667,43.66368417953053,-12.449292977296722,2.3955947245166254,False
2019-03-01,wholesale,8185.419334944163,3888.303692648529,89.42526774117093,86.4405962382286,86.4329881637271,39.502814893768544,-15.96396455273843,-0.8003499456099905,False
2019-04-01,wholesale,8112.0115658113955,3717.454535934446,85.49598834578931,88.0092477626284,86.6932011646566,46.2804263098501,-12.981747848264646,1.8147162243960402,False
2019-05-01,wholesale,8588.679594046951,3783.959359175782,87.02550149458989,87.9960847989986,87.157958194871,45.88059727165776,-13.528999830109079,-0.014956341480509838,False
2019-06-01,wholesale,8860.50046224478,3783.5903656056175,87.01701518502793,86.4069350857446,87.7693439968831,42.97026474125065,-13.478774197576705,-1.8059322944696254,False
2019-07-01,wholesale,9146.815244821786,3825.6584179524666,87.9845185340022,88.3242745489687,88.4966687020582,37.1918606045047,-15.48799786945242,2.218964787168365,False
2019-08-01,wholesale,9759.826281650145,3897.812911313546,89.64396578853186,89.6171317158355,89.3100771823458,48.14874377280574,-10.014445384930182,1.463761999143287,False
2019-09-01,wholesale,9696.83909682787,3613.108510864461,83.09618319495902,91.016062982095,90.1495373247357,55.67892309662745,-3.1676096664946196,1.5610087485229185,False
2019-10-01,wholesale,11004.84125588146,3984.266259341709,91.63226567600104,91.8215630895615,90.9159566623022,61.22214233939989,3.52722223202957,0.8850087348042823,False
2019-11-01,wholesale,11382.609489528391,3974.8435196452974,91.4155565177632,91.1576144131375,91.5270614396167,61.664886425689815,4.099546312279512,-0.7230857917071121,False
2019-12-01,wholesale,14196.566067571455,4845.189647156607,111.43223773207838,91.3017884702238,91.9193689072135,66.5005025755508,7.3884844208865985,0.1581590940202604,False
2020-01-01,wholesale,11451.841214799188,3734.8378886253367,85.89577989796697,90.9463803091872,92.0901459214719,66.2908934806001,6.632475035348029,-0.38926746889794694,False
2020-02-01,wholesale,12120.3994361,3862.601993382899,88.83416644870309,93.3323041561997,92.1081690776568,72.08737046219191,11.409012330548652,2.623440140114597,False
2020-03-01,wholesale,15167.876417209782,4711.224527135376,108.35123694797642,105.650181859775,92.0631568445028,85.3035965116288,21.164006197425202,13.197871642556125,False
2020-04-01,wholesale,12183.689740517906,3727.041859025032,85.71648268009703,87.14395796487,92.0415766764081,50.193199820706184,0.2579002109618589,-17.51650926589746,False
2020-05-01,wholesale,12990.50029363831,3944.522238731404,90.7182116398138,91.5343594424333,92.125477388907,51.25142522073336,4.243250635508811,5.038101986752985,False
2020-06-01,wholesale,13366.624243716877,4001.2204521626586,92.02218718218776,93.1098261674901,92.3906535375582,50.85631224413349,5.7519463136228355,1.7211752337084052,False
2020-07-01,wholesale,13764.231496508088,4047.774934873143,93.09287183287692,92.7049977265957,92.8699068901221,50.48113609051328,5.805968349875745,-0.43478594854872155,False
2020-08-01,wholesale,14038.308145642735,4030.8050826993135,92.7025901845988,93.4524841167924,93.5638845813208,43.837684611628205,3.4119690814239156,0.8063064651607776,False
2020-09-01,wholesale,13332.7426969242,3788.504059431267,87.13002291813982,95.3382656930314,94.4453758457374,37.49576087413622,4.854422391118329,2.017904172437235,False
2020-10-01,wholesale,15003.383348828134,4144.4959339783,95.31731259801704,94.989441724303,95.4481194980727,36.33439138260792,4.021560413059966,-0.365880337965796,False
2020-11-01,wholesale,15162.363999987008,4116.372965791806,94.67052568049604,94.4326009759948,96.4831413644459,33.20639712656277,3.560629379421165,-0.5862133077109477,False
2020-12-01,wholesale,19800.60786132991,5285.292779518,121.55396266821316,98.5834075838344,97.4667595751449,39.47462905525796,9.083300436334142,4.395522907279403,False
2021-01-01,wholesale,15624.993064786762,4036.338124241624,92.8298420045324,97.8232081474177,98.3334170005054,36.44088117982827,8.072645844536463,-0.7711231078822545,False
2021-02-01,wholesale,15932.72031291475,3955.2889878643314,90.96583103891948,99.4892454177761,99.0253433324461,31.453756098664055,2.399599923580431,1.7031104396491692,False
2021-03-01,wholesale,18311.452748917567,4379.929969062699,100.73194923316775,98.7504362344942,99.5188746293092,20.725223790332436,-7.032026518042411,-0.7426020573173431,False
2021-04-01,wholesale,18781.5216627172,4283.382890087025,98.51150837528128,100.754306797613,99.8318361363083,54.15298700735656,14.927147376003091,2.0292270490434916,False
2021-05-01,wholesale,19248.552841604047,4244.976899581062,97.62822706411364,98.7768651637986,99.991853100333,48.17406879264243,7.617010189459261,-1.9626373270440145,False
2021-06-01,wholesale,20589.394704952883,4375.513125030029,100.63036831474844,101.418088550744,100.001295308825,54.03586073447937,9.354462653140372,2.673929145823295,False
2021-07-01,wholesale,21314.632344931924,4366.950320200034,100.433436394028,99.6802954528551,99.8753373359189,54.85523002384356,7.885205834372666,-1.7134942323621116,False
2021-08-01,wholesale,20747.63301553376,4126.838154506672,94.9112096333874,96.4794643586594,99.6465483632642,47.792973343254985,2.3824786819770294,-3.211097117694217,False
2021-09-01,wholesale,21200.65319229912,4092.462194102046,94.12061308897252,102.068626023944,99.3771830941989,59.01194281046172,8.023170357019737,5.793110173691551,False
2021-10-01,wholesale,23091.43770423048,4310.671593937131,99.13910843973076,98.668724213531,99.1717501212293,53.90820301898156,4.009550560695541,-3.3309959611050655,False
2021-11-01,wholesale,23798.207849714952,4354.310981747683,100.14275019394807,100.070639444602,99.1297071746122,56.95578769732308,5.780283223439864,1.4208304021820384,False
2021-12-01,wholesale,30132.905863249463,5347.474836181273,122.98405854172304,99.9564261096568,99.2756323825331,52.181721259670375,1.1765111084147906,-0.11413271223116306,False
2022-01-01,wholesale,23331.06963426945,3985.798447366783,91.66750374771628,96.7526183976857,99.5820424728327,49.318911935068144,-1.2521170258583014,-3.205204344197321,False
2022-02-01,wholesale,24205.908156638183,3953.410054432586,90.92261833268996,99.2903181493476,99.9566725208528,51.925770874276566,-0.04750432743370059,2.62287449547991,False
2022-03-01,wholesale,29379.697757779704,4472.021571399149,102.84992067948784,99.435108405065,100.252354890314,60.444385055775584,2.1025816163028344,0.14582515034307075,False
2022-04-01,wholesale,30025.94266783373,4261.823143747597,98.01566590997174,100.743672582052,100.301651286281,59.86959527053439,-0.5033345580504278,1.3159981398686238,False
2022-05-01,wholesale,31497.815537364186,4232.405851004373,97.33911143076354,99.0350279635716,99.9941280767463,63.637317550878116,-0.29613938718793253,-1.6960316957760124,False
2022-06-01,wholesale,33999.784661327554,4335.411803824618,99.70809689023277,99.9310324760563,99.3688004799582,65.13251190016156,-0.9164941358765777,0.9047349517731229,False
2022-07-01,wholesale,39725.71994622012,4692.846817972296,107.92857665899616,107.870696509389,98.5742037982121,86.37769257918202,7.462793800624978,7.945143602148885,False
2022-08-01,wholesale,37060.12755054302,4040.478916876737,92.92507414670168,95.2978372719787,97.8106992305,78.62340018640239,-2.0926247746262505,-11.655490920387246,False
2022-09-01,wholesale,38917.66297303767,3958.72169381672,91.04477822852544,99.0211282000881,97.2909378212285,83.56822603547916,-3.26797155213967,3.9070046442745365,False
2022-10-01,wholesale,41674.60856084873,4003.1894961249272,92.06747229812478,91.4900691365002,97.1642276455013,80.47645666174222,-7.133043914657566,-7.605507229093766,False
2022-11-01,wholesale,46607.4489920658,4261.709846487285,98.01306023957186,97.0686931901001,97.4870567814821,95.84436477902285,-2.1266541514504134,6.097518677438951,False
2022-12-01,wholesale,61259.00001936782,5352.602691690953,123.10199167867376,99.1371235123628,98.2187253071491,103.29602560528421,0.09589302739647643,2.130893343966078,False
2023-01-01,wholesale,49264.68296410328,4066.290898718393,93.5187117762635,99.0672801641739,99.2301389981347,111.15484088968506,2.0194812260210027,-0.07045125550793063,False
2023-02-01,wholesale,48884.50828096845,3804.514815440653,87.49824676484833,95.5507911988172,100.37217874781,101.9527958407231,-3.766248300628239,-3.549596758414275,False
2023-03-01,wholesale,61113.13363811,4471.560729395708,102.8393219910104,100.003945768775,101.56618548853,108.01144430400859,-0.010305004036392784,4.660510409266938,False
2023-04-01,wholesale,67392.5653559235,4570.848341509439,105.12279108151348,107.385553606937,102.795989532758,124.4477920359183,7.251009423401444,7.381316588476872,False
2023-05-01,wholesale,69131.67074085001,4316.174221205724,99.26566077608868,101.686596073122,104.065897174547,119.48084196138228,1.97921402507919,-5.307005777215501,False
2023-06-01,wholesale,76823.2594807,4457.3483938097415,102.51245916972272,103.300516088001,105.322446235448,125.95219424457484,2.8125722653971064,1.5871511853130071,False
2023-07-01,wholesale,83660.75340665002,4540.816382993667,104.432100193314,104.897985029178,106.413169277555,110.59594016145779,-3.2396206583261034,1.5464288095290213,False
2023-08-01,wholesale,91858.77041516,4500.193363853731,103.49783048338584,104.896238900774,107.07833340316,147.8641507368856,11.37772171157254,-0.0016645967065298528,False
2023-09-01,wholesale,104774.96699318,4549.696958945408,104.636340382598,114.098362392344,107.022344792814,169.22214487999588,14.928436774218135,8.772596222706053,False
2023-10-01,wholesale,130713.17787723005,5178.983565091714,119.10900704877474,118.574816857472,106.003480237478,213.6518431513925,29.371431707266215,3.9233292847228096,False
2023-11-01,wholesale,130964.42418418002,4540.7041672853975,104.42951939702084,102.224606946087,103.983541069978,180.99461999405867,6.546534861543285,-13.78893962875617,False
2023-12-01,wholesale,191288.84031183,4971.280500825555,114.33214196805076,92.0896647228988,101.148256528608,212.26242715576743,-7.124051845980239,-9.914386101316419,False
2024-01-01,wholesale,187869.75552106,3738.5712534363247,85.98164179924524,91.4629049551093,97.8901631493443,281.3477408510907,-8.059424508594748,-0.6805972957719564,False
2024-02-01,wholesale,202198.71435598,3567.1156965766977,82.03841609214005,85.8893869632953,94.6915401176927,313.6253415782016,-6.239931512435426,-6.093746961732216,False
2024-03-01,wholesale,246321.00168962,3993.1224820154384,91.83594577569878,89.1243766382476,91.9687849917094,303.05739049194307,-10.699580668446519,3.7664603152130605,False
2024-04-01,wholesale,233546.16791237003,3603.9698086541066,82.88600648126433,86.5304867507871,89.9728565646398,246.54589371829329,-21.153152776362717,-2.910415741799788,False
2024-05-01,wholesale,250784.57912740004,3741.040591519601,86.03843294435511,87.1009305318535,88.7109221035017,262.76366018622934,-13.325079114286996,0.6592402313756907,False
2024-06-01,wholesale,262472.69984779,3811.997901998615,87.67034675288198,87.9023157760154,87.9912837348362,241.65785417335744,-14.478349789919376,0.9200650776845842,False
2024-07-01,wholesale,266271.20552588004,3763.0239871397935,86.54401872020709,88.1038907396916,87.5400661631394,218.2749314145128,-17.12891097660042,0.2293170116130172,False
2024-08-01,wholesale,278883.95968672005,3822.7104462087927,87.91671951846496,89.0824929426044,87.1242808852865,203.60079764435227,-15.054529058386457,1.1107366481738712,False
2024-09-01,wholesale,266918.55777307,3564.195423017636,81.97125409412268,89.7157079109842,86.5898951344604,154.75413205374164,-21.66081707903913,0.7108186440042408,False
2024-10-01,wholesale,306028.28641251,3999.410267495652,91.98055559646208,90.5521939137509,85.9337291714712,134.12198477795516,-22.776154486120138,0.9323740761168153,False
2024-11-01,wholesale,314621.16859594005,4045.41027496938,93.0384881319817,91.3417361132221,85.260791790491,140.23407162350966,-10.907865257650617,0.8719194592051727,False
2024-12-01,wholesale,336129.32303427,4250.888399353982,97.76418286688305,79.2777759151768,84.7149012266989,75.71820838389105,-14.491077326092173,-13.207500438891906,False
2025-01-01,wholesale,270234.27721231,3347.587252272632,76.98958465805991,80.8491833488812,84.3719630130004,43.84128858996521,-10.458112863418545,1.9821537821466118,False
2025-02-01,wholesale,266302.97507862,3242.1834518148344,74.56545222861607,81.6381231421858,84.1640956881136,31.703594618203933,-9.109103051344691,0.9758166509860278,False
2025-03-01,wholesale,320809.0150480501,3832.4097198017625,88.13978854972044,85.7252744405761,83.9641350827727,30.240220219747926,-4.024739109243647,5.006424867548542,False
2025-04-01,wholesale,300159.1219511599,3498.9340398486443,80.47033823868676,83.8625724731295,83.6100679428901,28.522392225156977,-2.914446412765237,-2.1728737290165223,False
2025-05-01,wholesale,313733.37666582013,3586.960229307873,82.494811166434,82.9628631093159,83.0143904233531,25.100744933141094,-4.118649836652555,-1.072837783627345,False
2025-06-01,wholesale,309699.69727217004,3492.794485757919,80.32913752192883,81.608805327338,82.2108493029864,17.99310840775721,-8.373651414481065,-1.6321251837629225,False
2025-07-01,wholesale,317428.73613245995,3526.3322111125203,81.10045589269687,81.4889012800896,81.3347599152234,19.21256581444655,-6.289935350828824,-0.14692537988695298,False
2025-08-01,wholesale,319789.61007904005,3502.1228115310155,80.54367529875248,81.9378175481131,80.5977282101303,14.667623924398775,-8.386395966655623,0.5508925276590748,False
2025-09-01,wholesale,287907.14360651,3096.026629382077,71.2040602151889,78.4011725366366,80.2130926022024,7.863292087500406,-13.135328961260562,-4.3162548348323115,False
2025-10-01,wholesale,342854.9132341,3628.701204448367,83.45479222058198,82.3161857659117,80.2693499205149,12.033732977202515,-9.269093147560891,4.99356464017886,False
2025-11-01,wholesale,356380.26667136006,3709.867882330777,85.32150646798478,82.7185164803947,80.6505418929197,13.272818946601195,-8.294397102680595,0.488762581428559,False
2025-12-01,wholesale,424111.95935898,4342.159688862857,99.8632883243206,81.4116761007291,81.1689633459834,26.175233844665115,2.14711093151132,-1.5798643825718717,False
2026-01-01,wholesale,339849.12850487,3392.7248837213915,78.02768381300481,81.240041282519,81.6292469456169,25.760925671863234,1.3483631059389323,-0.2108233443047336,True
2026-02-01,wholesale,329063.97999558004,3204.691477090349,73.70319193649404,80.7257087224222,81.912355787473,23.56751925074485,-1.1563804233069797,-0.6331022879569548,True
2026-03-01,wholesale,374316.8048409424,3555.658094301292,81.77490808655726,80.0498868153793,81.9339796915717,16.679016886379582,-7.221347552442436,-0.8371829962704136,True
2026-04-01,wholesale,359384.14296377,3325.51248699554,76.48189751444512,79.329688824731,81.7116514874935,19.73120810975948,-4.95641103484783,-0.8996864571580332,True
2026-05-01,wholesale,388237.12405138,3503.9196785340114,80.58500059778763,81.1657188755703,81.3502413196553,23.747472512278822,-2.3150675074500415,2.314429916516869,True
