month,retail_format,payment_method,sales_thousand_ars,share_pct,is_observed
2017-01-01,supermarkets,cash,10230100.130314,36.72115690784549,True
2017-02-01,supermarkets,cash,9719067.340596003,37.389368698131065,True
2017-03-01,supermarkets,cash,10244442.508284995,36.87703420832478,True
2017-04-01,supermarkets,cash,10312632.366428996,35.39691085706153,True
2017-05-01,supermarkets,cash,10147613.34208,36.28163911905863,True
2017-06-01,supermarkets,cash,10565493.495652994,36.26676852333773,True
2017-07-01,supermarkets,cash,10905912.736712996,34.97468717037655,True
2017-08-01,supermarkets,cash,11041625.274251005,35.441076774423095,True
2017-09-01,supermarkets,cash,10789170.332050998,35.34940334537954,True
2017-10-01,supermarkets,cash,11220307.426600007,34.58149941637707,True
2017-11-01,supermarkets,cash,11657995.803109996,34.66651347137517,True
2017-12-01,supermarkets,cash,13710305.37311,33.63145033793433,True
2018-01-01,supermarkets,cash,11705433.565544002,36.03977524186116,True
2018-02-01,supermarkets,cash,10720300.947148008,33.77874471825551,True
2018-03-01,supermarkets,cash,12955730.464524,35.464748146902366,True
2018-04-01,supermarkets,cash,11685359.587512009,34.254108891022106,True
2018-05-01,supermarkets,cash,11925300.089559997,33.94315999127206,True
2018-06-01,supermarkets,cash,13517215.493030002,35.25781611271039,True
2018-07-01,supermarkets,cash,14061294.336093998,35.799005178331925,True
2018-08-01,supermarkets,cash,13783068.023829997,34.90099358365115,True
2018-09-01,supermarkets,cash,14307986.236589996,35.836667486946766,True
2018-10-01,supermarkets,cash,15413337.429618,35.49803622206843,True
2018-11-01,supermarkets,cash,15412653.112490004,34.36531436846365,True
2018-12-01,supermarkets,cash,19372979.314990014,33.86650280126982,True
2019-01-01,supermarkets,cash,16005633.827199996,35.228609385501045,True
2019-02-01,supermarkets,cash,15466783.51002,34.684995633920074,True
2019-03-01,supermarkets,cash,17737278.503999993,34.73423550368132,True
2019-04-01,supermarkets,cash,17102015.742659997,34.46499402675142,True
2019-05-01,supermarkets,cash,17247751.268843994,33.96677576429214,True
2019-06-01,supermarkets,cash,17995550.11326,33.07189704423345,True
2019-07-01,supermarkets,cash,18548992.456090007,33.698186803498,True
2019-08-01,supermarkets,cash,19745340.249500003,33.08973335131608,True
2019-09-01,supermarkets,cash,19561438.284749985,33.7934434470375,True
2019-10-01,supermarkets,cash,21884744.730451003,32.99593439593002,True
2019-11-01,supermarkets,cash,22763201.5517,33.50302991830336,True
2019-12-01,supermarkets,cash,27960470.497710004,33.47571334770167,True
2020-01-01,supermarkets,cash,25121140.424074013,35.81315381721493,True
2020-02-01,supermarkets,cash,23982883.637197025,33.08237946805887,True
2020-03-01,supermarkets,cash,26532575.533931985,30.931667697593205,True
2020-04-01,supermarkets,cash,22263621.147818018,29.681030355489174,True
2020-05-01,supermarkets,cash,24917663.39341,31.704071500472587,True
2020-06-01,supermarkets,cash,24031410.143659983,30.71779590565886,True
2020-07-01,supermarkets,cash,24935747.285053004,30.73149288366352,True
2020-08-01,supermarkets,cash,24868416.64602999,30.926260890392832,True
2020-09-01,supermarkets,cash,24268469.258773003,31.494679615227604,True
2020-10-01,supermarkets,cash,27348110.49728398,30.650973226464238,True
2020-11-01,supermarkets,cash,28832513.453409992,31.651557069354226,True
2020-12-01,supermarkets,cash,36284788.051380016,31.332355758661933,True
2021-01-01,supermarkets,cash,31878415.60910801,32.526478616324326,True
2021-02-01,supermarkets,cash,30090418.939484,32.371219413963814,True
2021-03-01,supermarkets,cash,33646699.760530025,31.37926995951895,True
2021-04-01,supermarkets,cash,33030717.33914999,30.907326552567742,True
2021-05-01,supermarkets,cash,33391018.41487,30.189512792612256,True
2021-06-01,supermarkets,cash,34735136.74001,29.869951081756202,True
2021-07-01,supermarkets,cash,37973547.560765006,30.219628346403887,True
2021-08-01,supermarkets,cash,38180625.55514,30.58356912785823,True
2021-09-01,supermarkets,cash,38080750.85783998,30.959393105086303,True
2021-10-01,supermarkets,cash,43323345.69436999,30.83786786809288,True
2021-11-01,supermarkets,cash,43762928.14926002,30.88378449094356,True
2021-12-01,supermarkets,cash,56640033.14703597,30.78544560645591,True
2022-01-01,supermarkets,cash,46962602.2164548,30.393143532164135,True
2022-02-01,supermarkets,cash,46290956.20918649,30.41404305992635,True
2022-03-01,supermarkets,cash,51262080.993980005,30.335733169228945,True
2022-04-01,supermarkets,cash,53225357.00613,30.038190369008323,True
2022-05-01,supermarkets,cash,52738547.90800003,29.357652730326134,True
2022-06-01,supermarkets,cash,57393670.09009016,29.265384674422123,True
2022-07-01,supermarkets,cash,66584224.03012287,29.17605041350262,True
2022-08-01,supermarkets,cash,67237455.23950575,29.81598111803363,True
2022-09-01,supermarkets,cash,67655236.95258002,29.14250133894911,True
2022-10-01,supermarkets,cash,76003937.06058702,28.608864538763807,True
2022-11-01,supermarkets,cash,80653084.43862736,28.320548097754596,True
2022-12-01,supermarkets,cash,100319766.8256648,27.89235488200933,True
2023-01-01,supermarkets,cash,90638720.0605026,28.630735262398343,True
2023-02-01,supermarkets,cash,90540334.86567998,28.434516823438415,True
2023-03-01,supermarkets,cash,101935940.57742864,28.070055568991272,True
2023-04-01,supermarkets,cash,102160867.14297998,26.479300756554995,True
2023-05-01,supermarkets,cash,103143688.43152004,26.522097569291205,True
2023-06-01,supermarkets,cash,108531201.96151005,25.488430938966538,True
2023-07-01,supermarkets,cash,120214863.51235002,24.906253895403974,True
2023-08-01,supermarkets,cash,143218673.62622994,26.649835085217553,True
2023-09-01,supermarkets,cash,133303056.59254004,22.978806799080846,True
2023-10-01,supermarkets,cash,152398775.74618006,21.51357178563245,True
2023-11-01,supermarkets,cash,160073144.05848,20.94362625821924,True
2023-12-01,supermarkets,cash,228219933.94905,19.896115477287914,True
2024-01-01,supermarkets,cash,227859437.24805003,20.681816276079495,True
2024-02-01,supermarkets,cash,241894497.2534901,20.275948262114596,True
2024-03-01,supermarkets,cash,277545813.39178014,19.505192485320535,True
2024-04-01,supermarkets,cash,233018967.80021,17.453059545726582,True
2024-05-01,supermarkets,cash,243597883.54431996,17.24123277501792,True
2024-06-01,supermarkets,cash,264957789.46518996,17.284522707753844,True
2024-07-01,supermarkets,cash,290357060.58441985,18.28010526936632,True
2024-08-01,supermarkets,cash,290108815.6070099,17.38773310379922,True
2024-09-01,supermarkets,cash,270907245.13636,17.090585573651794,True
2024-10-01,supermarkets,cash,280682474.0839,16.52658021582864,True
2024-11-01,supermarkets,cash,297479156.9916399,16.307181575496106,True
2024-12-01,supermarkets,cash,345093000.85710025,15.487435145242168,True
2025-01-01,supermarkets,cash,295670199.70337003,15.810934664043263,True
2025-02-01,supermarkets,cash,293655584.7157501,16.38368300979129,True
2025-03-01,supermarkets,cash,326402988.65212995,15.957873386887087,True
2025-04-01,supermarkets,cash,302985857.5763601,15.338117497780928,True
2025-05-01,supermarkets,cash,323506387.0167901,16.27767081982218,True
2025-06-01,supermarkets,cash,313700697.34315,15.610865366669922,True
2025-07-01,supermarkets,cash,322013890.3035599,15.639081424302562,True
2025-08-01,supermarkets,cash,327599772.79072005,15.548747630050288,True
2025-09-01,supermarkets,cash,317902993.21127,16.200009581706624,True
2025-10-01,supermarkets,cash,350538306.8953399,16.146644933255423,True
2025-11-01,supermarkets,cash,359135209.18876976,16.240744626779268,True
2025-12-01,supermarkets,cash,454381332.48225,16.25047919095448,True
2026-01-01,supermarkets,cash,400405801.7113999,17.116967232255277,True
2026-02-01,supermarkets,cash,372641327.6542499,16.832359367786797,True
2026-03-01,supermarkets,cash,408734700.71276975,16.590747067092767,True
2026-04-01,supermarkets,cash,414364370.6853502,17.26811705547927,True
2026-05-01,supermarkets,cash,412628829.6981599,16.486756056806996,True
2017-01-01,supermarkets,debit_card,6864575.384024798,24.6405359255043,True
2017-02-01,supermarkets,debit_card,6438494.010723001,24.76896372783734,True
2017-03-01,supermarkets,debit_card,6908522.962076997,24.868687329298176,True
2017-04-01,supermarkets,debit_card,7454251.799721999,25.585852097258194,True
2017-05-01,supermarkets,debit_card,6735747.319130901,24.082899613100707,True
2017-06-01,supermarkets,debit_card,7337456.597347399,25.186314304724196,True
2017-07-01,supermarkets,debit_card,8183012.3184557,26.242489084465664,True
2017-08-01,supermarkets,debit_card,7899351.016894999,25.35509935396568,True
2017-09-01,supermarkets,debit_card,7888243.176848,25.84486861946041,True
2017-10-01,supermarkets,debit_card,8695476.803280002,26.799856239666966,True
2017-11-01,supermarkets,debit_card,8324348.80678286,24.75349579159915,True
2017-12-01,supermarkets,debit_card,11070098.736242607,27.155009735535945,True
2018-01-01,supermarkets,debit_card,8391851.735510603,25.83761197031482,True
2018-02-01,supermarkets,debit_card,8607859.2800684,27.122623014557313,True
2018-03-01,supermarkets,debit_card,9144000.036735997,25.030596248207964,True
2018-04-01,supermarkets,debit_card,8980714.557799002,26.325794433471327,True
2018-05-01,supermarkets,debit_card,8668139.0539873,24.67225382392372,True
2018-06-01,supermarkets,debit_card,9513855.561389996,24.815596827567052,True
2018-07-01,supermarkets,debit_card,10619025.064987898,27.03524470820074,True
2018-08-01,supermarkets,debit_card,10164619.777058007,25.738487904580243,True
2018-09-01,supermarkets,debit_card,10187454.21635,25.51612807371828,True
2018-10-01,supermarkets,debit_card,10495359.76456195,24.17157625902265,True
2018-11-01,supermarkets,debit_card,11132996.566479996,24.82304143730268,True
2018-12-01,supermarkets,debit_card,16252211.763499994,28.41099276813462,True
2019-01-01,supermarkets,debit_card,11687681.667650005,25.724740209413678,True
2019-02-01,supermarkets,debit_card,12330583.273768004,27.651917849451944,True
2019-03-01,supermarkets,debit_card,13685678.100496195,26.800141073671952,True
2019-04-01,supermarkets,debit_card,13152280.50607,26.50525387771382,True
2019-05-01,supermarkets,debit_card,13838777.255979998,27.25332923573426,True
2019-06-01,supermarkets,debit_card,15507030.32112,28.4985403065837,True
2019-07-01,supermarkets,debit_card,15609905.9127,28.358711486697906,True
2019-08-01,supermarkets,debit_card,16044555.337071996,26.887865751393747,True
2019-09-01,supermarkets,debit_card,15872044.54628,27.41981606647635,True
2019-10-01,supermarkets,debit_card,17749686.58293429,26.76144964231208,True
2019-11-01,supermarkets,debit_card,16506702.373734,24.29467323494477,True
2019-12-01,supermarkets,debit_card,21105019.72176601,25.268015087989777,True
2020-01-01,supermarkets,debit_card,16421681.807168407,23.411047690091504,True
2020-02-01,supermarkets,debit_card,18677850.857655,25.76453103255638,True
2020-03-01,supermarkets,debit_card,22420795.889567308,26.13815636121492,True
2020-04-01,supermarkets,debit_card,20850415.685067005,27.796997476921852,True
2020-05-01,supermarkets,debit_card,19703362.398560006,25.069638369417834,True
2020-06-01,supermarkets,debit_card,20569940.21072799,26.293222969749337,True
2020-07-01,supermarkets,debit_card,22143208.629241403,27.289892323335774,True
2020-08-01,supermarkets,debit_card,21188270.691566996,26.34964648335476,True
2020-09-01,supermarkets,debit_card,20660854.9840306,26.812857513190412,True
2020-10-01,supermarkets,debit_card,23565536.115426205,26.41157299013177,True
2020-11-01,supermarkets,debit_card,23551887.32882601,25.854627869467723,True
2020-12-01,supermarkets,debit_card,31300615.016610008,27.028461728276266,True
2021-01-01,supermarkets,debit_card,26481717.359305102,27.02006975418449,True
2021-02-01,supermarkets,debit_card,26089199.96886921,28.06671513033861,True
2021-03-01,supermarkets,debit_card,28304088.351349995,26.396693751729078,True
2021-04-01,supermarkets,debit_card,28509160.0986,26.676439141770693,True
2021-05-01,supermarkets,debit_card,29448299.39426999,26.62481869340285,True
2021-06-01,supermarkets,debit_card,32637663.36478999,28.066260842041608,True
2021-07-01,supermarkets,debit_card,37146178.898209,29.561202281578247,True
2021-08-01,supermarkets,debit_card,35434522.94616999,28.38387706539227,True
2021-09-01,supermarkets,debit_card,34575381.28240999,28.109551328870282,True
2021-10-01,supermarkets,debit_card,39697514.9889,28.25697559360984,True
2021-11-01,supermarkets,debit_card,39925207.44942003,28.17547990432975,True
2021-12-01,supermarkets,debit_card,55432191.368078016,30.12894974440748,True
2022-01-01,supermarkets,debit_card,46053650.12931095,29.804890114666254,True
2022-02-01,supermarkets,debit_card,45283575.24733588,29.7521745123634,True
2022-03-01,supermarkets,debit_card,47364363.87904,28.02915286512771,True
2022-04-01,supermarkets,debit_card,50071794.27383999,28.258449977934426,True
2022-05-01,supermarkets,debit_card,49886818.12474002,27.770197330459578,True
2022-06-01,supermarkets,debit_card,56360188.83180992,28.73840623708049,True
2022-07-01,supermarkets,debit_card,68810894.09934743,30.151738560961427,True
2022-08-01,supermarkets,debit_card,67647795.4278892,29.997943615948376,True
2022-09-01,supermarkets,debit_card,70306447.45933998,30.284510579079953,True
2022-10-01,supermarkets,debit_card,81278221.5634546,30.594173415081038,True
2022-11-01,supermarkets,debit_card,83419815.47793427,29.29205885915475,True
2022-12-01,supermarkets,debit_card,115236686.62653963,32.03977302299757,True
2023-01-01,supermarkets,debit_card,99271310.16581452,31.357576525922408,True
2023-02-01,supermarkets,debit_card,99711430.05382767,31.31473215292236,True
2023-03-01,supermarkets,debit_card,109090214.06799074,30.0401247447723,True
2023-04-01,supermarkets,debit_card,121099745.58682998,31.38811048312749,True
2023-05-01,supermarkets,debit_card,117547350.38144006,30.22581743232961,True
2023-06-01,supermarkets,debit_card,134788413.98052004,31.654907704179973,True
2023-07-01,supermarkets,debit_card,155279133.3582699,32.170909711859814,True
2023-08-01,supermarkets,debit_card,164516959.70533997,30.61297618431313,True
2023-09-01,supermarkets,debit_card,198231084.59580997,34.171112883200635,True
2023-10-01,supermarkets,debit_card,240565991.8997099,33.959811754235886,True
2023-11-01,supermarkets,debit_card,254149443.47397,33.25236715478423,True
2023-12-01,supermarkets,debit_card,393579905.5336801,34.31212652872983,True
2024-01-01,supermarkets,debit_card,352612655.13446,32.00512666136627,True
2024-02-01,supermarkets,debit_card,375940819.9437999,31.51190581573863,True
2024-03-01,supermarkets,debit_card,438830143.07810986,30.839832546913076,True
2024-04-01,supermarkets,debit_card,410331251.4991399,30.733703069302432,True
2024-05-01,supermarkets,debit_card,425529854.3999,30.117910573280227,True
2024-06-01,supermarkets,debit_card,465008974.38084,30.334862746320248,True
2024-07-01,supermarkets,debit_card,461659897.9777399,29.0648745261848,True
2024-08-01,supermarkets,debit_card,456351826.5868301,27.35154305987017,True
2024-09-01,supermarkets,debit_card,425774427.56750005,26.860611593286304,True
2024-10-01,supermarkets,debit_card,447488276.5395101,26.348103571520177,True
2024-11-01,supermarkets,debit_card,456887187.51319015,25.045594459932907,True
2024-12-01,supermarkets,debit_card,662207324.8184402,29.71921473445581,True
2025-01-01,supermarkets,debit_card,539439622.21396,28.84648040478152,True
2025-02-01,supermarkets,debit_card,499955958.8999001,27.89362905323585,True
2025-03-01,supermarkets,debit_card,552767401.85551,27.024851235691038,True
2025-04-01,supermarkets,debit_card,528027217.5292698,26.73043411753676,True
2025-05-01,supermarkets,debit_card,529078473.4891301,26.621314369484466,True
2025-06-01,supermarkets,debit_card,545691378.23262,27.155548934032353,True
2025-07-01,supermarkets,debit_card,587378774.1256597,28.52691996236121,True
2025-08-01,supermarkets,debit_card,547353621.67558,25.978843804829094,True
2025-09-01,supermarkets,debit_card,518072044.2082701,26.40041855350099,True
2025-10-01,supermarkets,debit_card,559818776.56681,25.78661114744461,True
2025-11-01,supermarkets,debit_card,557729769.8743999,25.22155035632118,True
2025-12-01,supermarkets,debit_card,730106898.6617105,26.111519368674585,True
2026-01-01,supermarkets,debit_card,585091751.7672703,25.012115958503777,True
2026-02-01,supermarkets,debit_card,552566393.0385997,24.959647285330725,True
2026-03-01,supermarkets,debit_card,609765068.0049602,24.750670779792824,True
2026-04-01,supermarkets,debit_card,603381556.7319099,25.14517194982444,True
2026-05-01,supermarkets,debit_card,598268861.1349403,23.904080519848097,True
2017-01-01,supermarkets,credit_card,9047205.493406398,32.47513203868326,True
2017-02-01,supermarkets,credit_card,8309150.301222395,31.965400927198374,True
2017-03-01,supermarkets,credit_card,8845010.493617997,31.83948314243089,True
2017-04-01,supermarkets,credit_card,9458166.681812003,32.464056800587585,True
2017-05-01,supermarkets,credit_card,9220929.862112992,32.96838757267434,True
2017-06-01,supermarkets,credit_card,9196110.462846007,31.56626896872343,True
2017-07-01,supermarkets,credit_card,10162899.880877996,32.591884114478496,True
2017-08-01,supermarkets,credit_card,10115176.88118,32.467390581418535,True
2017-09-01,supermarkets,credit_card,9795878.643451,32.09500403020443,True
2017-10-01,supermarkets,credit_card,11447457.179397,35.281585318226526,True
2017-11-01,supermarkets,credit_card,12553464.114272805,37.32930086608617,True
2017-12-01,supermarkets,credit_card,14576008.2373072,35.75502396319862,True
2018-01-01,supermarkets,credit_card,11256746.646177003,34.658316311920345,True
2018-02-01,supermarkets,credit_card,11364650.340209996,35.80903414435545,True
2018-03-01,supermarkets,credit_card,13175374.632970996,36.06599754285409,True
2018-04-01,supermarkets,credit_card,12193290.57827,35.743042401047994,True
2018-05-01,supermarkets,credit_card,13241497.643993003,37.68947277457485,True
2018-06-01,supermarkets,credit_card,13623892.631039994,35.53606890207562,True
2018-07-01,supermarkets,credit_card,13151343.173305005,33.48233747974784,True
2018-08-01,supermarkets,credit_card,13997246.389675,35.44332840774035,True
2018-09-01,supermarkets,credit_card,14097447.208820008,35.30933841306751,True
2018-10-01,supermarkets,credit_card,16008985.684051717,36.86985743911836,True
2018-11-01,supermarkets,credit_card,16773555.452833004,37.399693745546095,True
2018-12-01,supermarkets,credit_card,19596671.42890001,34.257545886547526,True
2019-01-01,supermarkets,credit_card,16222411.460373,35.70573979127025,True
2019-02-01,supermarkets,credit_card,15330194.010651998,34.37868720294286,True
2019-03-01,supermarkets,credit_card,17969551.879616998,35.18908758981711,True
2019-04-01,supermarkets,credit_card,17736333.211400002,35.74330812142597,True
2019-05-01,supermarkets,credit_card,18013021.917039998,35.47385782392404,True
2019-06-01,supermarkets,credit_card,19225537.23247,35.3323451614751,True
2019-07-01,supermarkets,credit_card,19194608.053610004,34.871084741754366,True
2019-08-01,supermarkets,credit_card,21781404.017981987,36.50181976431423,True
2019-09-01,supermarkets,credit_card,20612694.849708997,35.60954606480691,True
2019-10-01,supermarkets,credit_card,24432918.572433,36.83785158322409,True
2019-11-01,supermarkets,credit_card,26455726.00132099,38.9377117150948,True
2019-12-01,supermarkets,credit_card,31600065.928096,37.83322418927299,True
2020-01-01,supermarkets,credit_card,26279836.484293897,37.46501195468582,True
2020-02-01,supermarkets,credit_card,27241035.986255,37.57672777107556,True
2020-03-01,supermarkets,credit_card,33716809.20248102,39.307044909399366,True
2020-04-01,supermarkets,credit_card,28559526.139535,38.07449635698651,True
2020-05-01,supermarkets,credit_card,29750672.202390008,37.85336625669118,True
2020-06-01,supermarkets,credit_card,29332592.0091,37.4939535105561,True
2020-07-01,supermarkets,credit_card,29569224.40345899,36.44191605499013,True
2020-08-01,supermarkets,credit_card,29644413.805833004,36.86567135943139,True
2020-09-01,supermarkets,credit_card,27583639.698399987,35.79697943284717,True
2020-10-01,supermarkets,credit_card,33253696.394518998,37.269783518338414,True
2020-11-01,supermarkets,credit_card,33470452.079113003,36.74296123475276,True
2020-12-01,supermarkets,credit_card,41558670.65363998,35.886417523868865,True
2021-01-01,supermarkets,credit_card,34421611.729676,35.12137590504464,True
2021-02-01,supermarkets,credit_card,32111865.511882994,34.54588805717331,True
2021-03-01,supermarkets,credit_card,39721336.17659,37.04454047229236,True
2021-04-01,supermarkets,credit_card,39528435.06,36.98733630175612,True
2021-05-01,supermarkets,credit_card,41132600.50917,37.18883784365197,True
2021-06-01,supermarkets,credit_card,42074159.71627,36.1810319601644,True
2021-07-01,supermarkets,credit_card,43727330.43950201,34.798531065542704,True
2021-08-01,supermarkets,credit_card,44242610.352050014,35.43935994827249,True
2021-09-01,supermarkets,credit_card,43445911.37943999,35.3212323524316,True
2021-10-01,supermarkets,credit_card,50159841.63313002,35.704134659386256,True
2021-11-01,supermarkets,credit_card,50752243.3906,35.81618994874567,True
2021-12-01,supermarkets,credit_card,62999676.15227599,34.24208983733132,True
2022-01-01,supermarkets,credit_card,54048333.11802423,34.97886975170129,True
2022-02-01,supermarkets,credit_card,53705893.17447563,35.285798379255645,True
2022-03-01,supermarkets,credit_card,62416016.53691001,36.93637843871848,True
2022-04-01,supermarkets,credit_card,65527183.03321,36.98083223884664,True
2022-05-01,supermarkets,credit_card,68085697.64074002,37.90085898318074,True
2022-06-01,supermarkets,credit_card,74521224.65406194,37.99882987944196,True
2022-07-01,supermarkets,credit_card,83375854.5280367,36.53385122996034,True
2022-08-01,supermarkets,credit_card,81596108.36881703,36.18322581905552,True
2022-09-01,supermarkets,credit_card,85277979.17786,36.73349964195028,True
2022-10-01,supermarkets,credit_card,98485038.83702432,37.07104189796506,True
2022-11-01,supermarkets,credit_card,110394704.60457128,38.76402946337685,True
2022-12-01,supermarkets,credit_card,131276350.8171154,36.49935282414741,True
2023-01-01,supermarkets,credit_card,110961211.98186988,35.05015386941865,True
2023-02-01,supermarkets,credit_card,112669358.64205503,35.38421609050088,True
2023-03-01,supermarkets,credit_card,134679903.67195156,37.08674642803237,True
2023-04-01,supermarkets,credit_card,144221133.45942,37.38099406476753,True
2023-05-01,supermarkets,credit_card,147520548.05324003,37.93304688285407,True
2023-06-01,supermarkets,credit_card,155279431.14515987,36.46720008121755,True
2023-07-01,supermarkets,credit_card,176226915.0301001,36.51089524792869,True
2023-08-01,supermarkets,credit_card,195137108.71892,36.31071029143339,True
2023-09-01,supermarkets,credit_card,209784383.83644,36.16267285135565,True
2023-10-01,supermarkets,credit_card,271297889.04838014,38.29812006530617,True
2023-11-01,supermarkets,credit_card,301311730.2739602,39.42297943351278,True
2023-12-01,supermarkets,credit_card,450747741.8848,39.295993862082526,True
2024-01-01,supermarkets,credit_card,438858468.3461399,39.83328635915073,True
2024-02-01,supermarkets,credit_card,483850375.59419,40.55704157615336,True
2024-03-01,supermarkets,credit_card,592791117.4055603,41.65980638397241,True
2024-04-01,supermarkets,credit_card,582608443.75248,43.637219564775556,True
2024-05-01,supermarkets,credit_card,622775723.0178502,44.078466737693496,True
2024-06-01,supermarkets,credit_card,670053178.46219,43.71092241488503,True
2024-07-01,supermarkets,credit_card,688936590.1983601,43.37360823048666,True
2024-08-01,supermarkets,credit_card,770315343.9564201,46.16901274940743,True
2024-09-01,supermarkets,credit_card,718083006.9710598,45.30133209780641,True
2024-10-01,supermarkets,credit_card,787023479.99255,46.339931683620435,True
2024-11-01,supermarkets,credit_card,867514425.6909102,47.5553158149546,True
2024-12-01,supermarkets,credit_card,975026579.6668302,43.758235837794835,True
2025-01-01,supermarkets,credit_card,823016098.1116103,44.010704385336716,True
2025-02-01,supermarkets,credit_card,790402427.9098101,44.09826852630326,True
2025-03-01,supermarkets,credit_card,937125368.87107,45.81614906725765,True
2025-04-01,supermarkets,credit_card,915234170.7775296,46.33209405106284,True
2025-05-01,supermarkets,credit_card,906931319.9872895,45.63350238328904,True
2025-06-01,supermarkets,credit_card,917527772.2888002,45.65945388292521,True
2025-07-01,supermarkets,credit_card,903077734.0076998,43.85930743952425,True
2025-08-01,supermarkets,credit_card,950704937.3667,45.122959078487874,True
2025-09-01,supermarkets,credit_card,865406515.2434899,44.10022597584924,True
2025-10-01,supermarkets,credit_card,975596806.3616298,44.93835600981103,True
2025-11-01,supermarkets,credit_card,986982410.5086496,44.63313223006384,True
2025-12-01,supermarkets,credit_card,1220497175.77116,43.649821283674164,True
2026-01-01,supermarkets,credit_card,1008091342.41026,43.094946180609696,True
2026-02-01,supermarkets,credit_card,966010452.73349,43.63508254923179,True
2026-03-01,supermarkets,credit_card,1107233701.1751502,44.94317279233635,True
2026-04-01,supermarkets,credit_card,1020389511.01289,42.52345704629569,True
2026-05-01,supermarkets,credit_card,1125602934.5813396,44.973932172513415,True
2017-01-01,supermarkets,other,1716991.0731449006,6.163175120788253,True
2017-02-01,supermarkets,other,1527488.5175299996,5.876266658379642,True
2017-03-01,supermarkets,other,1782030.55727,6.414795316346334,True
2017-04-01,supermarkets,other,1909221.3736467,6.55318025195639,True
2017-05-01,supermarkets,other,1864714.156617,6.667073705895682,True
2017-06-01,supermarkets,other,2033652.1887504,6.980648203203647,True
2017-07-01,supermarkets,other,1930477.5205436,6.190939630680212,True
2017-08-01,supermarkets,other,2098727.7714126995,6.736433290188515,True
2017-09-01,supermarkets,other,2048214.0439203,6.7107240082329795,True
2017-10-01,supermarkets,other,1082741.60465,3.337059025720219,True
2017-11-01,supermarkets,other,1093173.9329353005,3.2506898709423226,True
2017-12-01,supermarkets,other,1409909.7576381993,3.4585159633262164,True
2018-01-01,supermarkets,other,1125176.0583415003,3.4642964759132653,True
2018-02-01,supermarkets,other,1044013.9847173,3.289598122843398,True
2018-03-01,supermarkets,other,1256186.1944464005,3.4386580620557936,True
2018-04-01,supermarkets,other,1254380.9432200005,3.677054274461518,True
2018-05-01,supermarkets,other,1298209.6037401005,3.6951134102305003,True
2018-06-01,supermarkets,other,1683246.0602,4.39051815764702,True
2018-07-01,supermarkets,other,1446787.3882568,3.6834126337289885,True
2018-08-01,supermarkets,other,1546973.08364,3.917190104035912,True
2018-09-01,supermarkets,other,1332661.33579,3.337866026267486,True
2018-10-01,supermarkets,other,1502570.944243483,3.4605300797793954,True
2018-11-01,supermarkets,other,1530240.87424,3.4119504486943253,True
2018-12-01,supermarkets,other,1982093.35623,3.4649585440480912,True
2019-01-01,supermarkets,other,1517896.7568399997,3.340910613821644,True
2019-02-01,supermarkets,other,1464584.1009,3.2843993136850704,True
2019-03-01,supermarkets,other,1673185.7705400004,3.27653583283584,True
2019-04-01,supermarkets,other,1630779.8149899996,3.286443974108703,True
2019-05-01,supermarkets,other,1678749.47254,3.3060371760574263,True
2019-06-01,supermarkets,other,1685301.94797,3.0972174877077427,True
2019-07-01,supermarkets,other,1690975.8349200003,3.0720169680497422,True
2019-08-01,supermarkets,other,2100804.85112,3.5205811329826204,True
2019-09-01,supermarkets,other,1839128.7261300003,3.177194421677497,True
2019-10-01,supermarkets,other,2258229.7078618007,3.404764378533952,True
2019-11-01,supermarkets,other,2218080.26067,3.264585131649697,True
2019-12-01,supermarkets,other,2859088.143929999,3.4230473750379775,True
2020-01-01,supermarkets,other,2322351.55719,3.3107865380024775,True
2020-02-01,supermarkets,other,2592663.180630001,3.5763617283051032,True
2020-03-01,supermarkets,other,3107850.46284,3.6231310317929033,True
2020-04-01,supermarkets,other,3336033.66613,4.4474758106024765,True
2020-05-01,supermarkets,other,4222823.82609,5.37292387341841,True
2020-06-01,supermarkets,other,4298917.23837,5.495027614033164,True
2020-07-01,supermarkets,other,4492515.9037,5.53669873800248,True
2020-08-01,supermarkets,other,4710872.144150001,5.85842126682099,True
2020-09-01,supermarkets,other,4542810.41581,5.8954834387394985,True
2020-10-01,supermarkets,other,5056938.0465,5.667670265064688,True
2020-11-01,supermarkets,other,5238654.45089,5.750853826424244,True
2020-12-01,supermarkets,other,6662054.393548,5.752764989191215,True
2021-01-01,supermarkets,other,5225838.554741,5.332075724446661,True
2021-02-01,supermarkets,other,4662749.260879998,5.016177398520207,True
2021-03-01,supermarkets,other,5553760.20131,5.17949581645964,True
2021-04-01,supermarkets,other,5801873.388339999,5.4288980039054655,True
2021-05-01,supermarkets,other,6632776.246490001,5.996830670332945,True
2021-06-01,supermarkets,other,6840933.135089999,5.882756116037807,True
2021-07-01,supermarkets,other,6811495.633934002,5.420638306475137,True
2021-08-01,supermarkets,other,6982561.109040003,5.593193858477008,True
2021-09-01,supermarkets,other,6900208.910069997,5.6098232136117465,True
2021-10-01,supermarkets,other,7306784.94985,5.201021878911023,True
2021-11-01,supermarkets,other,7261581.669369999,5.124545655978948,True
2021-12-01,supermarkets,other,8911251.21253,4.843514811805207,True
2022-01-01,supermarkets,other,7452508.718179998,4.823096601469544,True
2022-02-01,supermarkets,other,6922148.759119999,4.547984048454619,True
2022-03-01,supermarkets,other,7940040.868859998,4.698735526924786,True
2022-04-01,supermarkets,other,8367954.410869999,4.72252741421625,True
2022-05-01,supermarkets,other,8930505.059710002,4.971290956033626,True
2022-06-01,supermarkets,other,7839441.240970001,3.9973792090554876,True
2022-07-01,supermarkets,other,9444372.07369,4.138359795575548,True
2022-08-01,supermarkets,other,9026750.09939,4.002849446962485,True
2022-09-01,supermarkets,other,8913493.63478,3.839488440020675,True
2022-10-01,supermarkets,other,9898491.429189997,3.7259201481900703,True
2022-11-01,supermarkets,other,10318848.623189997,3.6233635797137613,True
2022-12-01,supermarkets,other,12834808.056848,3.568519270845152,True
2023-01-01,supermarkets,other,15707145.422470007,4.9615343422606255,True
2023-02-01,supermarkets,other,15495874.440838998,4.866534933138904,True
2023-03-01,supermarkets,other,17442280.761929,4.803073258203754,True
2023-04-01,supermarkets,other,18332320.738839995,4.751594695550027,True
2023-05-01,supermarkets,other,20685589.01534,5.319038115525151,True
2023-06-01,supermarkets,other,27206692.86359001,6.389461275635903,True
2023-07-01,supermarkets,other,30948477.149930008,6.411941144807584,True
2023-08-01,supermarkets,other,34536488.31908999,6.426478439035931,True
2023-09-01,supermarkets,other,38794523.30752,6.687407466362844,True
2023-10-01,supermarkets,other,44121693.72752999,6.2284963948255205,True
2023-11-01,supermarkets,other,48770497.82054,6.381027153483805,True
2023-12-01,supermarkets,other,74510165.70661998,6.495764131899749,True
2024-01-01,supermarkets,other,82407479.13388997,7.4797707034034735,True
2024-02-01,supermarkets,other,91326313.97847,7.6551043459934425,True
2024-03-01,supermarkets,other,113765889.23505998,7.995168583793956,True
2024-04-01,supermarkets,other,109159498.83667004,8.17601782019548,True
2024-05-01,supermarkets,other,120976271.72901002,8.562389914008413,True
2024-06-01,supermarkets,other,132899386.41776004,8.669692131040813,True
2024-07-01,supermarkets,other,147423850.0884801,9.281411973962175,True
2024-08-01,supermarkets,other,151692317.76924998,9.09171108692323,True
2024-09-01,supermarkets,other,170360908.73097005,10.747470735255535,True
2024-10-01,supermarkets,other,183175731.09621,10.78538452903076,True
2024-11-01,supermarkets,other,202341003.59407,11.091908149616474,True
2024-12-01,supermarkets,other,245885820.78559,11.035114282507221,True
2025-01-01,supermarkets,other,211910266.8624901,11.3318805458385,True
2025-02-01,supermarkets,other,208352156.04337996,11.624419410669642,True
2025-03-01,supermarkets,other,229108291.26592007,11.201126310164204,True
2025-04-01,supermarkets,other,229131138.19947,11.599354333619427,True
2025-05-01,supermarkets,other,227908129.76400003,11.467512427404317,True
2025-06-01,supermarkets,other,232582444.12828007,11.574131816372553,True
2025-07-01,supermarkets,other,246562875.74989995,11.974691173811928,True
2025-08-01,supermarkets,other,281262306.3127001,13.349449486632722,True
2025-09-01,supermarkets,other,260981442.29626003,13.299345888943154,True
2025-10-01,supermarkets,other,285012947.83409,13.12838790948893,True
2025-11-01,supermarkets,other,307474920.0998301,13.90457278683566,True
2025-12-01,supermarkets,other,391124954.7729999,13.988180156696767,True
2026-01-01,supermarkets,other,345644429.0243399,14.775970628631296,True
2026-02-01,supermarkets,other,322620775.18474,14.572910797650662,True
2026-03-01,supermarkets,other,337897004.7316302,13.715409360778022,True
2026-04-01,supermarkets,other,361456650.00702,15.063253948400579,True
2026-05-01,supermarkets,other,366289057.87074006,14.635231250831534,True
2017-01-01,wholesale,cash,2483180.24277,60.646509827276184,True
2017-02-01,wholesale,cash,2285984.28027,59.50157080588263,True
2017-03-01,wholesale,cash,2789934.95872,59.87481679920676,True
2017-04-01,wholesale,cash,2664177.91298,58.904766393310794,True
2017-05-01,wholesale,cash,2830388.35502,60.60978976108882,True
2017-06-01,wholesale,cash,2893949.80798,60.286781208639496,True
2017-07-01,wholesale,cash,3056017.24987,59.427089165797994,True
2017-08-01,wholesale,cash,3080476.9562900006,60.62909695716717,True
2017-09-01,wholesale,cash,2965462.2539100004,58.261135408526535,True
2017-10-01,wholesale,cash,2900288.7513300003,58.95920208504658,True
2017-11-01,wholesale,cash,3079715.62373,58.04217737956597,True
2017-12-01,wholesale,cash,3526004.5405000006,57.096277797132174,True
2018-01-01,wholesale,cash,2921492.5379500003,58.19808355492309,True
2018-02-01,wholesale,cash,2682544.80142,54.717475149991316,True
2018-03-01,wholesale,cash,3194415.52768,54.44192164343826,True
2018-04-01,wholesale,cash,3111617.75457,56.110468773220234,True
2018-05-01,wholesale,cash,3215948.78201,54.62359190115495,True
2018-06-01,wholesale,cash,3431099.49798,55.36314857948999,True
2018-07-01,wholesale,cash,3845236.24039,57.67418496635152,True
2018-08-01,wholesale,cash,3725615.16732,56.552769577160454,True
2018-09-01,wholesale,cash,3391683.16199,54.45213402752468,True
2018-10-01,wholesale,cash,3838373.49756,56.232596544203176,True
2018-11-01,wholesale,cash,3793250.04053,53.87475846825471,True
2018-12-01,wholesale,cash,4630614.613339999,54.30888404175076,True
2019-01-01,wholesale,cash,3751522.90489,54.47544059211437,True
2019-02-01,wholesale,cash,3807945.42088,54.06581835831437,True
2019-03-01,wholesale,cash,4291522.27551,52.428862834080526,True
2019-04-01,wholesale,cash,4268446.48463,52.61884120851581,True
2019-05-01,wholesale,cash,4483472.29239,52.20211376258611,True
2019-06-01,wholesale,cash,4540841.21012,51.24813467897547,True
2019-07-01,wholesale,cash,4759759.40239,52.037340593334214,True
2019-08-01,wholesale,cash,4839354.619790001,49.584433986173934,True
2019-09-01,wholesale,cash,4904551.21215,50.5788655785095,True
2019-10-01,wholesale,cash,5355559.091599999,48.66548246426062,True
2019-11-01,wholesale,cash,5462804.758919999,47.99255183044643,True
2019-12-01,wholesale,cash,6871133.07139,48.39996544718028,True
2020-01-01,wholesale,cash,5707634.73147,49.84032370352491,True
2020-02-01,wholesale,cash,5984539.794430002,49.37576377726753,True
2020-03-01,wholesale,cash,7374801.742589999,48.62118822528309,True
2020-04-01,wholesale,cash,5695491.060740001,46.746849124023385,True
2020-05-01,wholesale,cash,5743524.419060001,44.21326576522973,True
2020-06-01,wholesale,cash,6205908.33165,46.42838923646487,True
2020-07-01,wholesale,cash,6354372.59884,46.165836432286014,True
2020-08-01,wholesale,cash,6581778.935720001,46.88441703542575,True
2020-09-01,wholesale,cash,6275500.634889999,47.06833978232929,True
2020-10-01,wholesale,cash,6573116.746610001,43.810896474378154,True
2020-11-01,wholesale,cash,6962296.724340001,45.918279790305746,True
2020-12-01,wholesale,cash,9132837.187119998,46.12402432834478,True
2021-01-01,wholesale,cash,7246266.45217,46.37612587809101,True
2021-02-01,wholesale,cash,7265699.599279998,45.60237960991966,True
2021-03-01,wholesale,cash,8473411.337639999,46.273834489400386,True
2021-04-01,wholesale,cash,8169334.65096,43.49666016239544,True
2021-05-01,wholesale,cash,8563167.463639999,44.48733125086302,True
2021-06-01,wholesale,cash,8926217.86374,43.35347392021195,True
2021-07-01,wholesale,cash,8963198.97357,42.0518582189011,True
2021-08-01,wholesale,cash,8641043.482779998,41.64833393916314,True
2021-09-01,wholesale,cash,8607927.75909,40.60218183379542,True
2021-10-01,wholesale,cash,9162862.9143,39.680781386000504,True
2021-11-01,wholesale,cash,9954811.59655,41.83008930511256,True
2021-12-01,wholesale,cash,12791191.39281,42.44924618574573,True
2022-01-01,wholesale,cash,9961389.26127,42.69581042541721,True
2022-02-01,wholesale,cash,10431327.23699,43.094137057314036,True
2022-03-01,wholesale,cash,13220220.707540002,44.9978104490172,True
2022-04-01,wholesale,cash,12970099.54436,43.19631089636447,True
2022-05-01,wholesale,cash,13660903.549800005,43.370955467043785,True
2022-06-01,wholesale,cash,14377522.56911,42.28709891054817,True
2022-07-01,wholesale,cash,16754417.13453,42.17523850344775,True
2022-08-01,wholesale,cash,15434842.41809,41.64810927064685,True
2022-09-01,wholesale,cash,15355322.30554,39.45592086600194,True
2022-10-01,wholesale,cash,16862586.10607,40.4624942822164,True
2022-11-01,wholesale,cash,18119613.32089,38.87707590255144,True
2022-12-01,wholesale,cash,23272456.63159,37.9902653066999,True
2023-01-01,wholesale,cash,18785039.821530003,38.13084483912944,True
2023-02-01,wholesale,cash,18168744.10904,37.16667048098921,True
2023-03-01,wholesale,cash,22604492.15685,36.987944834748085,True
2023-04-01,wholesale,cash,24033229.5152,35.66154424938928,True
2023-05-01,wholesale,cash,25741310.57248,37.235192346175175,True
2023-06-01,wholesale,cash,26771338.605189998,34.847959831638825,True
2023-07-01,wholesale,cash,28515479.25824,34.08465510660028,True
2023-08-01,wholesale,cash,32408092.90516001,35.28034694857129,True
2023-09-01,wholesale,cash,35152989.20155,33.55094275891127,True
2023-10-01,wholesale,cash,42230887.91596999,32.30805692417224,True
2023-11-01,wholesale,cash,40481978.67497,30.910668242269164,True
2023-12-01,wholesale,cash,54234911.66481996,28.352365760809032,True
2024-01-01,wholesale,cash,59268008.04026999,31.54739190237894,True
2024-02-01,wholesale,cash,60924271.64281,30.130889722449005,True
2024-03-01,wholesale,cash,66706501.21524001,27.081126155574186,True
2024-04-01,wholesale,cash,66394900.51609,28.429025879372315,True
2024-05-01,wholesale,cash,62885204.30853,25.075387221709494,True
2024-06-01,wholesale,cash,63719190.06609,24.276501938312535,True
2024-07-01,wholesale,cash,70794158.42258,26.58723773108062,True
2024-08-01,wholesale,cash,73574395.58778,26.381723664002998,True
2024-09-01,wholesale,cash,70064741.89822,26.24948316923994,True
2024-10-01,wholesale,cash,75658092.04856,24.722581345495907,True
2024-11-01,wholesale,cash,81820103.41916001,26.005911739600553,True
2024-12-01,wholesale,cash,85364440.32999,25.3963086467427,True
2025-01-01,wholesale,cash,65984247.85395999,24.4174234795978,True
2025-02-01,wholesale,cash,55332236.6337,20.777926576811392,True
2025-03-01,wholesale,cash,75835111.49992,23.638709619354557,True
2025-04-01,wholesale,cash,66600399.84334,22.188364428310393,True
2025-05-01,wholesale,cash,67235208.82263999,21.430684085058964,True
2025-06-01,wholesale,cash,66576258.38025001,21.49703695762464,True
2025-07-01,wholesale,cash,66902359.11527,21.076339820523458,True
2025-08-01,wholesale,cash,67477412.1086,21.10056424032104,True
2025-09-01,wholesale,cash,65292199.41808999,22.678214441016618,True
2025-10-01,wholesale,cash,75908223.31572,22.14004244526902,True
2025-11-01,wholesale,cash,83350277.66851,23.388017088323352,True
2025-12-01,wholesale,cash,104763840.86185002,24.70193036296226,True
2026-01-01,wholesale,cash,87508703.44433,25.749279931749484,True
2026-02-01,wholesale,cash,86882277.45355998,26.40285255612814,True
2026-03-01,wholesale,cash,96037884.38264002,25.656845522457854,True
2026-04-01,wholesale,cash,91399925.45295002,25.432375702275817,True
2026-05-01,wholesale,cash,94541234.52514,24.351415325400012,True
2017-01-01,wholesale,debit_card,684958.53868,16.728686879771118,True
2017-02-01,wholesale,debit_card,686144.8362500002,17.859569687153776,True
2017-03-01,wholesale,debit_card,773075.31732,16.590975661224768,True
2017-04-01,wholesale,debit_card,796667.12421,17.61424813868016,True
2017-05-01,wholesale,debit_card,801165.96601,17.156126535597835,True
2017-06-01,wholesale,debit_card,853060.8323100001,17.77096880302504,True
2017-07-01,wholesale,debit_card,976006.0985899998,18.9793436047319,True
2017-08-01,wholesale,debit_card,920574.61043,18.118495318753,True
2017-09-01,wholesale,debit_card,963892.97994,18.937182339639662,True
2017-10-01,wholesale,debit_card,876643.0831500001,17.821045119110003,True
2017-11-01,wholesale,debit_card,956641.88528,18.02944972136561,True
2017-12-01,wholesale,debit_card,1187173.38369,19.22379297302712,True
2018-01-01,wholesale,debit_card,930393.42148,18.534058663123826,True
2018-02-01,wholesale,debit_card,1013588.83916,20.674779444387156,True
2018-03-01,wholesale,debit_card,1129464.2838,19.24928222545927,True
2018-04-01,wholesale,debit_card,1026663.24591,18.513378102319876,True
2018-05-01,wholesale,debit_card,1132611.70105,19.237656920008668,True
2018-06-01,wholesale,debit_card,1184492.5478800002,19.11260135655832,True
2018-07-01,wholesale,debit_card,1216320.23916,18.243424868094923,True
2018-08-01,wholesale,debit_card,1162261.39746,17.64248266314251,True
2018-09-01,wholesale,debit_card,1263069.52062,20.278082455829455,True
2018-10-01,wholesale,debit_card,1210782.2718300002,17.738094283417468,True
2018-11-01,wholesale,debit_card,1282689.22935,18.217774120529,True
2018-12-01,wholesale,debit_card,1693692.0508,19.863999246308797,True
2019-01-01,wholesale,debit_card,1254395.80435,18.214939866099414,True
2019-02-01,wholesale,debit_card,1311341.80145,18.618640712154964,True
2019-03-01,wholesale,debit_card,1599989.93789,19.546829214483093,True
2019-04-01,wholesale,debit_card,1483724.09135,18.290458282918483,True
2019-05-01,wholesale,debit_card,1540621.83814,17.93781944325063,True
2019-06-01,wholesale,debit_card,1736059.7191199998,19.593246753029465,True
2019-07-01,wholesale,debit_card,1735774.9585299997,18.976823211915196,True
2019-08-01,wholesale,debit_card,1975139.80238,20.237448345710526,True
2019-09-01,wholesale,debit_card,1793748.6231600002,18.498281813775748,True
2019-10-01,wholesale,debit_card,2082957.07809,18.92764311322578,True
2019-11-01,wholesale,debit_card,2094276.8444900005,18.398916754689395,True
2019-12-01,wholesale,debit_card,2695646.00746,18.988014387632887,True
2020-01-01,wholesale,debit_card,2051214.64971,17.91165814505945,True
2020-02-01,wholesale,debit_card,2209936.3753400003,18.233197569032384,True
2020-03-01,wholesale,debit_card,2874298.4161999994,18.949906612759058,True
2020-04-01,wholesale,debit_card,2357516.61429,19.349775515453835,True
2020-05-01,wholesale,debit_card,2668727.5421100003,20.54368563015682,True
2020-06-01,wholesale,debit_card,2665848.0522099994,19.94406368879926,True
2020-07-01,wholesale,debit_card,2762689.21252,20.07151080843486,True
2020-08-01,wholesale,debit_card,2701611.5032199994,19.244566191254766,True
2020-09-01,wholesale,debit_card,2596378.0961100003,19.473698361476593,True
2020-10-01,wholesale,debit_card,3012731.6562600005,20.080348453503593,True
2020-11-01,wholesale,debit_card,2905773.68742,19.164384177968007,True
2020-12-01,wholesale,debit_card,4094876.5485899993,20.68055979527362,True
2021-01-01,wholesale,debit_card,3094962.73359,19.80777028672298,True
2021-02-01,wholesale,debit_card,3118838.0446,19.57505048320506,True
2021-03-01,wholesale,debit_card,3443127.76695,18.80313820078024,True
2021-04-01,wholesale,debit_card,3737407.40014,19.899385509101165,True
2021-05-01,wholesale,debit_card,3660557.94709,19.017315105262337,True
2021-06-01,wholesale,debit_card,4212929.5382900005,20.46164833236767,True
2021-07-01,wholesale,debit_card,4722713.3788,22.157142109576977,True
2021-08-01,wholesale,debit_card,4209743.757560001,20.29023626169273,True
2021-09-01,wholesale,debit_card,4406590.04251,20.78516167657729,True
2021-10-01,wholesale,debit_card,4577180.33296,19.82198073410358,True
2021-11-01,wholesale,debit_card,4439317.25621,18.653998167614528,True
2021-12-01,wholesale,debit_card,5612715.120150001,18.626531226765128,True
2022-01-01,wholesale,debit_card,4270194.9798,18.302611267885013,True
2022-02-01,wholesale,debit_card,4670168.379400001,19.29350615221149,True
2022-03-01,wholesale,debit_card,5253149.08084,17.88020123334632,True
2022-04-01,wholesale,debit_card,6421249.56,21.38567182065451,True
2022-05-01,wholesale,debit_card,6333472.7071,20.107656988427593,True
2022-06-01,wholesale,debit_card,7513447.035939999,22.098513595839016,True
2022-07-01,wholesale,debit_card,9470003.4808,23.838469116784612,True
2022-08-01,wholesale,debit_card,7701155.216200001,20.780163818102633,True
2022-09-01,wholesale,debit_card,8424693.581139999,21.64748070041143,True
2022-10-01,wholesale,debit_card,8783030.220650002,21.075255470787944,True
2022-11-01,wholesale,debit_card,9152547.73056,19.637521315782067,True
2022-12-01,wholesale,debit_card,13411893.45554,21.89375185899081,True
2023-01-01,wholesale,debit_card,10592652.00891,21.501512587889874,True
2023-02-01,wholesale,debit_card,10191357.77582,20.847827121925544,True
2023-03-01,wholesale,debit_card,12942747.66573,21.178340718661715,True
2023-04-01,wholesale,debit_card,15481747.73943,22.972486145417268,True
2023-05-01,wholesale,debit_card,14657019.8943,21.201599407663597,True
2023-06-01,wholesale,debit_card,16888810.40018,21.983980521449904,True
2023-07-01,wholesale,debit_card,19272528.6389,23.036522926373827,True
2023-08-01,wholesale,debit_card,20286739.38681,22.08470600588614,True
2023-09-01,wholesale,debit_card,25718997.691229995,24.54689171403327,True
2023-10-01,wholesale,debit_card,33582034.03847,25.691391322465833,True
2023-11-01,wholesale,debit_card,34631620.898669995,26.443533130773204,True
2023-12-01,wholesale,debit_card,52382615.92177002,27.384041764474272,True
2024-01-01,wholesale,debit_card,43798510.51542,23.313231229765577,True
2024-02-01,wholesale,debit_card,47727523.95301001,23.604266775397758,True
2024-03-01,wholesale,debit_card,61949720.4644,25.14999534731535,True
2024-04-01,wholesale,debit_card,55198685.34336999,23.635020791298682,True
2024-05-01,wholesale,debit_card,59276761.86196999,23.636525845497484,True
2024-06-01,wholesale,debit_card,67469650.03511001,25.705397199112962,True
2024-07-01,wholesale,debit_card,65525302.711720005,24.608482386335734,True
2024-08-01,wholesale,debit_card,65031572.70914,23.31850594139305,True
2024-09-01,wholesale,debit_card,59212372.23478999,22.183685064390097,True
2024-10-01,wholesale,debit_card,60079084.68573,19.63187305004432,True
2024-11-01,wholesale,debit_card,64517220.89655001,20.506319134364364,True
2024-12-01,wholesale,debit_card,73958809.94761997,22.003081813864693,True
2025-01-01,wholesale,debit_card,56047771.93125,20.740437708135733,True
2025-02-01,wholesale,debit_card,60025128.52025999,22.540164450862374,True
2025-03-01,wholesale,debit_card,63043970.43647,19.651558241599734,True
2025-04-01,wholesale,debit_card,62716422.94523,20.894391793774908,True
2025-05-01,wholesale,debit_card,64277042.50366,20.487792273413774,True
2025-06-01,wholesale,debit_card,66153121.53254999,21.360408846125985,True
2025-07-01,wholesale,debit_card,61752541.56814,19.453985899490604,True
2025-08-01,wholesale,debit_card,54113021.54884001,16.921444550829932,True
2025-09-01,wholesale,debit_card,46683810.47218999,16.214884385082833,True
2025-10-01,wholesale,debit_card,54166101.84590001,15.798549110747498,True
2025-11-01,wholesale,debit_card,55020366.354030006,15.438668046333678,True
2025-12-01,wholesale,debit_card,63875632.29797,15.061030675606085,True
2026-01-01,wholesale,debit_card,54425769.09412,16.01468549693223,True
2026-02-01,wholesale,debit_card,51863062.25179,15.760783739528897,True
2026-03-01,wholesale,debit_card,58526073.48112001,15.635438410516924,True
2026-04-01,wholesale,debit_card,58837746.22623,16.37182590778957,True
2026-05-01,wholesale,debit_card,62310965.13684,16.049718400601396,True
2017-01-01,wholesale,credit_card,531567.3061700001,12.982425239311798,True
2017-02-01,wholesale,credit_card,496510.26076,12.923597371793397,True
2017-03-01,wholesale,credit_card,635228.4948799999,13.632643885729017,True
2017-04-01,wholesale,credit_card,646548.44938,14.295135916837745,True
2017-05-01,wholesale,credit_card,577904.1381900001,12.375209308516116,True
2017-06-01,wholesale,credit_card,596635.26284,12.429109673225812,True
2017-07-01,wholesale,credit_card,624929.4204799999,12.152332057279855,True
2017-08-01,wholesale,credit_card,575875.7526800002,11.334227569281131,True
2017-09-01,wholesale,credit_card,603948.1241799999,11.865503732574052,True
2017-10-01,wholesale,credit_card,549887.6724800001,11.17852089415469,True
2017-11-01,wholesale,credit_card,608884.40295,11.475402549301538,True
2017-12-01,wholesale,credit_card,775295.47944,12.554290716452075,True
2018-01-01,wholesale,credit_card,638690.25228,12.723136610846444,True
2018-02-01,wholesale,credit_card,652400.1775899999,13.307397694246983,True
2018-03-01,wholesale,credit_card,864786.7117299999,14.738423974693246,True
2018-04-01,wholesale,credit_card,779443.0934600001,14.055363095886861,True
2018-05-01,wholesale,credit_card,836351.11623,14.205606231847284,True
2018-06-01,wholesale,credit_card,910741.16842,14.695434700853053,True
2018-07-01,wholesale,credit_card,839135.3399299999,12.586078925027632,True
2018-08-01,wholesale,credit_card,940576.31121,14.277426145400355,True
2018-09-01,wholesale,credit_card,1032304.2213,16.57323668830739,True
2018-10-01,wholesale,credit_card,1036840.18709,15.189823491255158,True
2018-11-01,wholesale,credit_card,1126938.64874,16.00568031653559,True
2018-12-01,wholesale,credit_card,1224498.3494099998,14.361190558990724,True
2019-01-01,wholesale,credit_card,1015024.23813,14.739052375698677,True
2019-02-01,wholesale,credit_card,1017828.06026,14.451285652433398,True
2019-03-01,wholesale,credit_card,1258626.8232,15.376448923361426,True
2019-04-01,wholesale,credit_card,1233958.37087,15.211496690547275,True
2019-05-01,wholesale,credit_card,1274186.7584620002,14.835653659087733,True
2019-06-01,wholesale,credit_card,1305387.76185,14.732664000335575,True
2019-07-01,wholesale,credit_card,1222648.2776699995,13.366928760941207,True
2019-08-01,wholesale,credit_card,1582030.54246,16.209617843654286,True
2019-09-01,wholesale,credit_card,1555553.63954,16.041862961802956,True
2019-10-01,wholesale,credit_card,1802947.41315,16.383220541111093,True
2019-11-01,wholesale,credit_card,1882733.0676400005,16.540434505565564,True
2019-12-01,wholesale,credit_card,2252098.72556,15.863686435444368,True
2020-01-01,wholesale,credit_card,1945615.27538,16.989541147894606,True
2020-02-01,wholesale,credit_card,2214992.5174300005,18.27491353818552,True
2020-03-01,wholesale,credit_card,2920490.49548,19.254445481678044,True
2020-04-01,wholesale,credit_card,1996391.72524,16.38577284679603,True
2020-05-01,wholesale,credit_card,2452361.7846,18.87811654028943,True
2020-06-01,wholesale,credit_card,2291176.58481,17.141026358143165,True
2020-07-01,wholesale,credit_card,2362899.34705,17.166954418407787,True
2020-08-01,wholesale,credit_card,2466424.47828,17.56924305045989,True
2020-09-01,wholesale,credit_card,2303308.08703,17.275575921540042,True
2020-10-01,wholesale,credit_card,2978506.85105,19.852234538033525,True
2020-11-01,wholesale,credit_card,2819007.4012,18.592136432035662,True
2020-12-01,wholesale,credit_card,3533274.4697100003,17.844272733719357,True
2021-01-01,wholesale,credit_card,2759663.35899,17.661853336810363,True
2021-02-01,wholesale,credit_card,2887648.8459,18.12401642147819,True
2021-03-01,wholesale,credit_card,3367505.5607800004,18.390160556641874,True
2021-04-01,wholesale,credit_card,3648826.06354,19.427744615510377,True
2021-05-01,wholesale,credit_card,3613212.37588,18.771345594725027,True
2021-06-01,wholesale,credit_card,3777066.94579,18.344720667684005,True
2021-07-01,wholesale,credit_card,3874492.48596,18.177618188575536,True
2021-08-01,wholesale,credit_card,4116215.81491,19.839447766542495,True
2021-09-01,wholesale,credit_card,4328303.5265,20.415897035059388,True
2021-10-01,wholesale,credit_card,5261587.67621,22.785881691750003,True
2021-11-01,wholesale,credit_card,5106143.293400001,21.455999231733,True
2021-12-01,wholesale,credit_card,6202123.870740001,20.582561465816323,True
2022-01-01,wholesale,credit_card,4950021.25202,21.21643512112761,True
2022-02-01,wholesale,credit_card,5052345.07424,20.87236323275099,True
2022-03-01,wholesale,credit_card,6117097.98911,20.820833623076123,True
2022-04-01,wholesale,credit_card,5501316.67423,18.32187830067413,True
2022-05-01,wholesale,credit_card,5782536.24101,18.35853103575152,True
2022-06-01,wholesale,credit_card,6013562.117460001,17.687059425113322,True
2022-07-01,wholesale,credit_card,7143674.244820001,17.982491580998367,True
2022-08-01,wholesale,credit_card,6513078.092389999,17.574354226136755,True
2022-09-01,wholesale,credit_card,7517979.749530001,19.317654697657566,True
2022-10-01,wholesale,credit_card,7989072.915330001,19.170121067040093,True
2022-11-01,wholesale,credit_card,9536164.49975,20.4606016977512,True
2022-12-01,wholesale,credit_card,11835804.62231,19.320923649696432,True
2023-01-01,wholesale,credit_card,10116214.57672,20.53441526070888,True
2023-02-01,wholesale,credit_card,11018473.36079,22.539806061789367,True
2023-03-01,wholesale,credit_card,13066188.80161,21.380328619676536,True
2023-04-01,wholesale,credit_card,15528269.48227,23.041517117297186,True
2023-05-01,wholesale,credit_card,15445351.21386,22.341932501181862,True
2023-06-01,wholesale,credit_card,16990943.77203,22.116926419007996,True
2023-07-01,wholesale,credit_card,19278860.22326,23.044091091973797,True
2023-08-01,wholesale,credit_card,21629137.073280003,23.546077283122894,True
2023-09-01,wholesale,credit_card,23063410.03059,22.01232860525858,True
2023-10-01,wholesale,credit_card,31845287.459450003,24.36272147660591,True
2023-11-01,wholesale,credit_card,31319646.32156,23.914621483399223,True
2023-12-01,wholesale,credit_card,48508056.32734001,25.358539603389552,True
2024-01-01,wholesale,credit_card,47196271.02057001,25.12180360786138,True
2024-02-01,wholesale,credit_card,56331471.59671,27.859460816123633,True
2024-03-01,wholesale,credit_card,69733140.93442002,28.309864143167207,True
2024-04-01,wholesale,credit_card,65465949.58095998,28.031266865198052,True
2024-05-01,wholesale,credit_card,70529105.64892,28.123382184951172,True
2024-06-01,wholesale,credit_card,78752317.84583999,30.00400342264512,True
2024-07-01,wholesale,credit_card,75552103.30555998,28.374116967077295,True
2024-08-01,wholesale,credit_card,82993084.65675,29.759002543559333,True
2024-09-01,wholesale,credit_card,79405186.44424,29.748844406595758,True
2024-10-01,wholesale,credit_card,85436312.88626999,27.917782989218953,True
2024-11-01,wholesale,credit_card,91005234.28084,28.92533731502209,True
2024-12-01,wholesale,credit_card,92339695.401,27.47147870570802,True
2025-01-01,wholesale,credit_card,74471812.05422999,27.558240509852528,True
2025-02-01,wholesale,credit_card,77391145.89116998,29.061314793168187,True
2025-03-01,wholesale,credit_card,91888094.85749,28.642616182006993,True
2025-04-01,wholesale,credit_card,82442381.5432,27.466225583047414,True
2025-05-01,wholesale,credit_card,86418424.39378998,27.545180341408322,True
2025-06-01,wholesale,credit_card,86580478.38123,27.95626832826428,True
2025-07-01,wholesale,credit_card,88215731.652656,27.79072012429411,True
2025-08-01,wholesale,credit_card,94408715.58662,29.522133493732245,True
2025-09-01,wholesale,credit_card,81325481.03202,28.24712162862121,True
2025-10-01,wholesale,credit_card,98544442.36255,28.74231593562267,True
2025-11-01,wholesale,credit_card,98037200.31968,27.509155104282495,True
2025-12-01,wholesale,credit_card,106423548.50081,25.093267509282896,True
2026-01-01,wholesale,credit_card,88475067.82397997,26.03363092711657,True
2026-02-01,wholesale,credit_card,85291937.79887001,25.919560627697884,True
2026-03-01,wholesale,credit_card,100307561.20970002,26.79750412283096,True
2026-04-01,wholesale,credit_card,93960995.4749,26.14500314343929,True
2026-05-01,wholesale,credit_card,105915400.5124,27.281110937341214,True
2017-01-01,wholesale,other,394808.5841099999,9.64237805364089,True
2017-02-01,wholesale,other,373249.58348,9.715262135170194,True
2017-03-01,wholesale,other,461374.58218,9.901563653839467,True
2017-04-01,wholesale,other,415462.77126000007,9.185849551171298,True
2017-05-01,wholesale,other,460394.98554,9.85887439479723,True
2017-06-01,wholesale,other,456659.81889,9.51314031510965,True
2017-07-01,wholesale,other,485512.21255000005,9.441235172190238,True
2017-08-01,wholesale,other,503928.42626,9.918180154798705,True
2017-09-01,wholesale,other,556645.94199,10.936178519259764,True
2017-10-01,wholesale,other,592325.67948,12.041231901688757,True
2017-11-01,wholesale,other,660754.1115700001,12.452970349766868,True
2017-12-01,wholesale,other,687068.46449,11.125638513388658,True
2018-01-01,wholesale,other,529335.71579,10.544721171106643,True
2018-02-01,wholesale,other,554003.7972200001,11.300347711374545,True
2018-03-01,wholesale,other,678899.18948,11.57037215640733,True
2018-04-01,wholesale,other,627796.7733800001,11.32079002857305,True
2018-05-01,wholesale,other,702560.5900699999,11.933144946989072,True
2018-06-01,wholesale,other,671109.6444,10.82881536309865,True
2018-07-01,wholesale,other,766478.6704599999,11.49631124052593,True
2018-08-01,wholesale,other,759403.3778699999,11.527321614296689,True
2018-09-01,wholesale,other,541685.49997,8.696546828338478,True
2018-10-01,wholesale,other,739891.04403,10.839485681124206,True
2018-11-01,wholesale,other,837988.9889599999,11.901787094680689,True
2018-12-01,wholesale,other,977635.35628,11.465926152949711,True
2019-01-01,wholesale,other,865688.65049,12.57056716608756,True
2019-02-01,wholesale,other,906050.8739700002,12.864255277097293,True
2019-03-01,wholesale,other,1035280.29834,12.647859028074931,True
2019-04-01,wholesale,other,1125882.6189600003,13.87920381801846,True
2019-05-01,wholesale,other,1290398.70506,15.024413135098818,True
2019-06-01,wholesale,other,1278211.7711500002,14.425954567659474,True
2019-07-01,wholesale,other,1428632.60623,15.618907433809373,True
2019-08-01,wholesale,other,1363301.3170200002,13.968499824461212,True
2019-09-01,wholesale,other,1442985.6219799998,14.880989645911805,True
2019-10-01,wholesale,other,1763377.67304,16.02365388140251,True
2019-11-01,wholesale,other,1942794.81848,17.068096909298607,True
2019-12-01,wholesale,other,2377688.26316,16.748333729742466,True
2020-01-01,wholesale,other,1747376.5582399997,15.258477003521012,True
2020-02-01,wholesale,other,1710930.7488999998,14.11612511551458,True
2020-03-01,wholesale,other,1998285.76294,13.174459680279801,True
2020-04-01,wholesale,other,2134290.3402500004,17.517602513726754,True
2020-05-01,wholesale,other,2125886.54787,16.36493206432403,True
2020-06-01,wholesale,other,2203691.27505,16.486520716592697,True
2020-07-01,wholesale,other,2284270.3381,16.595698340871333,True
2020-08-01,wholesale,other,2288493.22842,16.301773722859597,True
2020-09-01,wholesale,other,2157555.8788900003,16.18238593465407,True
2020-10-01,wholesale,other,2439028.09491,16.256520534084743,True
2020-11-01,wholesale,other,2475286.18703,16.32519959969061,True
2020-12-01,wholesale,other,3039619.65591,15.351143142662238,True
2021-01-01,wholesale,other,2524100.5200400003,16.154250498375657,True
2021-02-01,wholesale,other,2660533.82313,16.69855348539707,True
2021-03-01,wholesale,other,3027408.08355,16.532866753177487,True
2021-04-01,wholesale,other,3225953.54808,17.176209712993018,True
2021-05-01,wholesale,other,3411615.05499,17.72400804914961,True
2021-06-01,wholesale,other,3673180.357129999,17.84015707973635,True
2021-07-01,wholesale,other,3754227.5066,17.613381482946377,True
2021-08-01,wholesale,other,3780629.96028,18.221982032601627,True
2021-09-01,wholesale,other,3857831.8642,18.19675945456789,True
2021-10-01,wholesale,other,4089806.780760001,17.711356188145924,True
2021-11-01,wholesale,other,4297935.703549999,18.059913295539907,True
2021-12-01,wholesale,other,5526875.47955,18.34166112167284,True
2022-01-01,wholesale,other,4149464.14118,17.78514318557016,True
2022-02-01,wholesale,other,4052067.46601,16.739993557723487,True
2022-03-01,wholesale,other,4789229.980289999,16.30115469456036,True
2022-04-01,wholesale,other,5133276.889239999,17.09613898230688,True
2022-05-01,wholesale,other,5720903.039450001,18.162856508777118,True
2022-06-01,wholesale,other,6095252.93882,17.9273280684995,True
2022-07-01,wholesale,other,6357625.086069999,16.00380079876927,True
2022-08-01,wholesale,other,7411051.82386,19.997372685113742,True
2022-09-01,wholesale,other,7619667.336830001,19.57894373592907,True
2022-10-01,wholesale,other,8039919.3188,19.292129179955552,True
2022-11-01,wholesale,other,9799123.440869998,21.02480108391529,True
2022-12-01,wholesale,other,12738845.30993,20.79505918461287,True
2023-01-01,wholesale,other,9770776.55694,19.833227312271813,True
2023-02-01,wholesale,other,9505933.03532,19.445696335295896,True
2023-03-01,wholesale,other,12499705.013920002,20.453385826913674,True
2023-04-01,wholesale,other,12349318.619020002,18.32445248789627,True
2023-05-01,wholesale,other,13287989.06021,19.22127574497937,True
2023-06-01,wholesale,other,16172166.7033,21.05113322790329,True
2023-07-01,wholesale,other,16593885.286250005,19.83473087505209,True
2023-08-01,wholesale,other,17534801.049909998,19.088869762419687,True
2023-09-01,wholesale,other,20839570.069810003,19.88983692179687,True
2023-10-01,wholesale,other,23054968.46334,17.637830276756,True
2023-11-01,wholesale,other,24531178.28898,18.7311771435584,True
2023-12-01,wholesale,other,36163256.39789999,18.905052871327133,True
2024-01-01,wholesale,other,37606965.9448,20.0175732599941,True
2024-02-01,wholesale,other,37215447.16345,18.405382686029608,True
2024-03-01,wholesale,other,47931639.07556,19.45901435394327,True
2024-04-01,wholesale,other,46486632.47195,19.904686464130926,True
2024-05-01,wholesale,other,58093507.30797999,23.164704747841835,True
2024-06-01,wholesale,other,52531541.90075,20.014097439929344,True
2024-07-01,wholesale,other,54399641.08602001,20.43016291550634,True
2024-08-01,wholesale,other,57284906.73305,20.540767851044613,True
2024-09-01,wholesale,other,58236257.19582,21.817987359774197,True
2024-10-01,wholesale,other,84854796.79194999,27.7277626152408,True
2024-11-01,wholesale,other,77278609.99939,24.562431811013,True
2024-12-01,wholesale,other,84466377.35566,25.129130833684588,True
2025-01-01,wholesale,other,73730445.37287,27.283898302413927,True
2025-02-01,wholesale,other,73554464.03348999,27.620594179158036,True
2025-03-01,wholesale,other,90041838.25417,28.067115957038723,True
2025-04-01,wholesale,other,88399917.61939,29.451018194867277,True
2025-05-01,wholesale,other,95802700.94573002,30.53634330011893,True
2025-06-01,wholesale,other,90389838.97814,29.186285867985106,True
2025-07-01,wholesale,other,100558103.79639,31.67895415569057,True
2025-08-01,wholesale,other,103790460.83498,32.455857715116785,True
2025-09-01,wholesale,other,94605652.68421,32.85977954527935,True
2025-10-01,wholesale,other,114236145.70993,33.31909250836082,True
2025-11-01,wholesale,other,119972422.32914,33.664159761060475,True
2025-12-01,wholesale,other,149048937.69834998,35.14377145214876,True
2026-01-01,wholesale,other,109439588.14244002,32.202403644201716,True
2026-02-01,wholesale,other,105026702.49135998,31.91680307664506,True
2026-03-01,wholesale,other,119445285.76748002,31.910211944194277,True
2026-04-01,wholesale,other,115185475.80969,32.05079524649534,True
2026-05-01,wholesale,other,125469523.87700002,32.31775533665739,True
